game_play_id,game_id,game,round,phase,season_code,quarter,type,number_of_play,team_id,player_id,play_type,player,team,dorsal,minute,marker_time,points_a,points_b,comment,play_info
2007_001_002,2007_001,OLY-BAS,1,REGULAR SEASON,E2007,q1,0,2,BAS,PCBX,3FGM,"PRIGIONI, PABLO",BASKONIA,5,1,09:00,0,3,,Three Pointer (1/1 -  3 pt)
2007_001_003,2007_001,OLY-BAS,1,REGULAR SEASON,E2007,q1,0,3,BAS,PCBY,AS,"SPLITTER, TIAGO",BASKONIA,21,1,09:00,0,0,,Assist (1)
2007_001_004,2007_001,OLY-BAS,1,REGULAR SEASON,E2007,q1,0,4,OLY,PTFV,2FGA,"WOODS, QYNTEL",OLYMPIACOS PIRAEUS B.C.,6,1,09:00,0,0,,Missed Two Pointer (0/1 -  0 pt)
2007_001_005,2007_001,OLY-BAS,1,REGULAR SEASON,E2007,q1,0,5,BAS,PJZJ,D,"TELETOVIC, MIRZA",BASKONIA,12,1,09:00,0,0,,Def Rebound (1)
2007_001_006,2007_001,OLY-BAS,1,REGULAR SEASON,E2007,q1,0,6,BAS,PCBY,TO,"SPLITTER, TIAGO",BASKONIA,21,1,09:00,0,0,,Turnover (1)
2007_001_007,2007_001,OLY-BAS,1,REGULAR SEASON,E2007,q1,0,7,OLY,PCBV,ST,"MACIJAUSKAS, ARVYDAS",OLYMPIACOS PIRAEUS B.C.,7,1,09:00,0,0,,Steal (1)
2007_001_008,2007_001,OLY-BAS,1,REGULAR SEASON,E2007,q1,0,8,OLY,PCBV,2FGM,"MACIJAUSKAS, ARVYDAS",OLYMPIACOS PIRAEUS B.C.,7,1,09:00,2,3,,Two Pointer (1/1 -  2 pt)
2007_001_010,2007_001,OLY-BAS,1,REGULAR SEASON,E2007,q1,0,10,BAS,PCBY,2FGM,"SPLITTER, TIAGO",BASKONIA,21,2,08:00,2,5,,Two Pointer (1/1 -  2 pt)
2007_001_011,2007_001,OLY-BAS,1,REGULAR SEASON,E2007,q1,0,11,BAS,PCBX,AS,"PRIGIONI, PABLO",BASKONIA,5,2,08:00,0,0,,Assist (1)
2007_001_012,2007_001,OLY-BAS,1,REGULAR SEASON,E2007,q1,0,12,OLY,P000126,2FGA,"JACKSON, MARC",OLYMPIACOS PIRAEUS B.C.,25,2,08:00,0,0,,Missed Two Pointer (0/1 -  0 pt)
2007_001_013,2007_001,OLY-BAS,1,REGULAR SEASON,E2007,q1,0,13,BAS,PCBY,D,"SPLITTER, TIAGO",BASKONIA,21,2,08:00,0,0,,Def Rebound (1)
2007_001_014,2007_001,OLY-BAS,1,REGULAR SEASON,E2007,q1,0,14,BAS,PANB,2FGA,"RAKOCEVIC, IGOR",BASKONIA,8,2,08:00,0,0,,Missed Two Pointer (0/1 -  0 pt)
2007_001_015,2007_001,OLY-BAS,1,REGULAR SEASON,E2007,q1,0,15,OLY,PAQU,D,"BOUROUSIS, IOANNIS",OLYMPIACOS PIRAEUS B.C.,9,2,08:00,0,0,,Def Rebound (1)
2007_001_016,2007_001,OLY-BAS,1,REGULAR SEASON,E2007,q1,0,16,OLY,P000126,2FGAB,"JACKSON, MARC",OLYMPIACOS PIRAEUS B.C.,25,2,08:00,0,0,,Missed Two Pointer (0/2 -  0 pt)
2007_001_017,2007_001,OLY-BAS,1,REGULAR SEASON,E2007,q1,0,17,OLY,P000126,AG,"JACKSON, MARC",OLYMPIACOS PIRAEUS B.C.,25,2,08:00,0,0,,Shot Rejected (1)
2007_001_018,2007_001,OLY-BAS,1,REGULAR SEASON,E2007,q1,0,18,BAS,PJZJ,FV,"TELETOVIC, MIRZA",BASKONIA,12,2,08:00,0,0,,Block (1)
2007_001_019,2007_001,OLY-BAS,1,REGULAR SEASON,E2007,q1,0,19,BAS,PCBX,D,"PRIGIONI, PABLO",BASKONIA,5,2,08:00,0,0,,Def Rebound (1)
2007_001_020,2007_001,OLY-BAS,1,REGULAR SEASON,E2007,q1,0,20,BAS,PCBX,TO,"PRIGIONI, PABLO",BASKONIA,5,2,08:00,0,0,,Turnover (1)
2007_001_021,2007_001,OLY-BAS,1,REGULAR SEASON,E2007,q1,0,21,OLY,PCRR,ST,"GREER, LYNN TERENCE",OLYMPIACOS PIRAEUS B.C.,11,2,08:00,0,0,,Steal (1)
2007_001_022,2007_001,OLY-BAS,1,REGULAR SEASON,E2007,q1,0,22,OLY,PCBV,2FGM,"MACIJAUSKAS, ARVYDAS",OLYMPIACOS PIRAEUS B.C.,7,2,08:00,4,5,,Two Pointer (2/2 -  4 pt)
2007_001_023,2007_001,OLY-BAS,1,REGULAR SEASON,E2007,q1,0,23,OLY,PCRR,AS,"GREER, LYNN TERENCE",OLYMPIACOS PIRAEUS B.C.,11,2,08:00,0,0,,Assist (1)
2007_001_025,2007_001,OLY-BAS,1,REGULAR SEASON,E2007,q1,0,25,BAS,PCBX,3FGA,"PRIGIONI, PABLO",BASKONIA,5,3,07:00,0,0,,Missed Three Pointer (1/2 -  3 pt)
2007_001_026,2007_001,OLY-BAS,1,REGULAR SEASON,E2007,q1,0,26,OLY,PCBV,D,"MACIJAUSKAS, ARVYDAS",OLYMPIACOS PIRAEUS B.C.,7,3,07:00,0,0,,Def Rebound (1)
2007_001_027,2007_001,OLY-BAS,1,REGULAR SEASON,E2007,q1,0,27,OLY,P000126,2FGM,"JACKSON, MARC",OLYMPIACOS PIRAEUS B.C.,25,3,07:00,6,5,,Two Pointer (1/3 -  2 pt)
2007_001_028,2007_001,OLY-BAS,1,REGULAR SEASON,E2007,q1,0,28,OLY,PAQU,AS,"BOUROUSIS, IOANNIS",OLYMPIACOS PIRAEUS B.C.,9,3,07:00,0,0,,Assist (1)
2007_001_029,2007_001,OLY-BAS,1,REGULAR SEASON,E2007,q1,0,29,BAS,PJZJ,TO,"TELETOVIC, MIRZA",BASKONIA,12,3,07:00,0,0,,Turnover (1)
2007_001_030,2007_001,OLY-BAS,1,REGULAR SEASON,E2007,q1,0,30,OLY,PAQU,ST,"BOUROUSIS, IOANNIS",OLYMPIACOS PIRAEUS B.C.,9,3,07:00,0,0,,Steal (1)
2007_001_032,2007_001,OLY-BAS,1,REGULAR SEASON,E2007,q1,0,32,OLY,PAQU,2FGA,"BOUROUSIS, IOANNIS",OLYMPIACOS PIRAEUS B.C.,9,4,06:00,0,0,,Missed Two Pointer (0/1 -  0 pt)
2007_001_033,2007_001,OLY-BAS,1,REGULAR SEASON,E2007,q1,0,33,OLY,P000126,O,"JACKSON, MARC",OLYMPIACOS PIRAEUS B.C.,25,4,06:00,0,0,,Off Rebound (1)
2007_001_034,2007_001,OLY-BAS,1,REGULAR SEASON,E2007,q1,0,34,OLY,PCRR,3FGA,"GREER, LYNN TERENCE",OLYMPIACOS PIRAEUS B.C.,11,4,06:00,0,0,,Missed Three Pointer (0/1 -  0 pt)
2007_001_035,2007_001,OLY-BAS,1,REGULAR SEASON,E2007,q1,0,35,BAS,PANB,3FGM,"RAKOCEVIC, IGOR",BASKONIA,8,4,06:00,6,8,,Three Pointer (1/1 -  3 pt)
2007_001_036,2007_001,OLY-BAS,1,REGULAR SEASON,E2007,q1,0,36,OLY,PCBV,2FGA,"MACIJAUSKAS, ARVYDAS",OLYMPIACOS PIRAEUS B.C.,7,4,06:00,0,0,,Missed Two Pointer (2/3 -  4 pt)
2007_001_037,2007_001,OLY-BAS,1,REGULAR SEASON,E2007,q1,0,37,OLY,PCBV,O,"MACIJAUSKAS, ARVYDAS",OLYMPIACOS PIRAEUS B.C.,7,4,06:00,0,0,,Off Rebound (1)
2007_001_038,2007_001,OLY-BAS,1,REGULAR SEASON,E2007,q1,0,38,OLY,PTFV,3FGA,"WOODS, QYNTEL",OLYMPIACOS PIRAEUS B.C.,6,4,06:00,0,0,,Missed Three Pointer (0/1 -  0 pt)
2007_001_039,2007_001,OLY-BAS,1,REGULAR SEASON,E2007,q1,0,39,OLY,PCRR,O,"GREER, LYNN TERENCE",OLYMPIACOS PIRAEUS B.C.,11,4,06:00,0,0,,Off Rebound (1)
2007_001_040,2007_001,OLY-BAS,1,REGULAR SEASON,E2007,q1,0,40,OLY,PCRR,RV,"GREER, LYNN TERENCE",OLYMPIACOS PIRAEUS B.C.,11,4,06:00,0,0,,Foul Drawn (1)
2007_001_042,2007_001,OLY-BAS,1,REGULAR SEASON,E2007,q1,0,42,BAS,PCBY,CM,"SPLITTER, TIAGO",BASKONIA,21,5,05:00,0,0,,Foul (1)
2007_001_043,2007_001,OLY-BAS,1,REGULAR SEASON,E2007,q1,0,43,OLY,PTFW,IN,"TSAKALIDIS, JAKE",OLYMPIACOS PIRAEUS B.C.,10,5,05:00,0,0,,In
2007_001_044,2007_001,OLY-BAS,1,REGULAR SEASON,E2007,q1,0,44,OLY,P000126,OUT,"JACKSON, MARC",OLYMPIACOS PIRAEUS B.C.,25,5,05:00,0,0,,Out
2007_001_045,2007_001,OLY-BAS,1,REGULAR SEASON,E2007,q1,0,45,OLY,PCBV,2FGM,"MACIJAUSKAS, ARVYDAS",OLYMPIACOS PIRAEUS B.C.,7,5,05:00,8,8,,Two Pointer (3/4 -  6 pt)
2007_001_046,2007_001,OLY-BAS,1,REGULAR SEASON,E2007,q1,0,46,OLY,PAQU,AS,"BOUROUSIS, IOANNIS",OLYMPIACOS PIRAEUS B.C.,9,5,05:00,0,0,,Assist (2)
2007_001_047,2007_001,OLY-BAS,1,REGULAR SEASON,E2007,q1,0,47,OLY,PTFV,D,"WOODS, QYNTEL",OLYMPIACOS PIRAEUS B.C.,6,5,05:00,0,0,,Def Rebound (1)
2007_001_048,2007_001,OLY-BAS,1,REGULAR SEASON,E2007,q1,0,48,BAS,PANB,2FGA,"RAKOCEVIC, IGOR",BASKONIA,8,5,05:00,0,0,,Missed Two Pointer (0/2 -  3 pt)
2007_001_049,2007_001,OLY-BAS,1,REGULAR SEASON,E2007,q1,0,49,BAS,PCBY,D,"SPLITTER, TIAGO",BASKONIA,21,5,05:00,0,0,,Def Rebound (2)
2007_001_050,2007_001,OLY-BAS,1,REGULAR SEASON,E2007,q1,0,50,OLY,PCRR,2FGA,"GREER, LYNN TERENCE",OLYMPIACOS PIRAEUS B.C.,11,5,05:00,0,0,,Missed Two Pointer (0/1 -  0 pt)
2007_001_051,2007_001,OLY-BAS,1,REGULAR SEASON,E2007,q1,0,51,BAS,PJZJ,3FGM,"TELETOVIC, MIRZA",BASKONIA,12,5,05:00,8,11,,Three Pointer (1/1 -  3 pt)
2007_001_052,2007_001,OLY-BAS,1,REGULAR SEASON,E2007,q1,0,52,BAS,PCBY,AS,"SPLITTER, TIAGO",BASKONIA,21,5,05:00,0,0,,Assist (2)
2007_001_053,2007_001,OLY-BAS,1,REGULAR SEASON,E2007,q1,0,53,OLY,PTFV,3FGM,"WOODS, QYNTEL",OLYMPIACOS PIRAEUS B.C.,6,5,05:00,11,11,,Three Pointer (1/2 -  3 pt)
2007_001_054,2007_001,OLY-BAS,1,REGULAR SEASON,E2007,q1,0,54,OLY,PCBV,AS,"MACIJAUSKAS, ARVYDAS",OLYMPIACOS PIRAEUS B.C.,7,5,05:00,0,0,,Assist (1)
2007_001_056,2007_001,OLY-BAS,1,REGULAR SEASON,E2007,q1,0,56,BAS,PJZJ,2FGA,"TELETOVIC, MIRZA",BASKONIA,12,6,04:00,0,0,,Missed Two Pointer (0/1 -  3 pt)
2007_001_057,2007_001,OLY-BAS,1,REGULAR SEASON,E2007,q1,0,57,BAS,PCBY,O,"SPLITTER, TIAGO",BASKONIA,21,6,04:00,0,0,,Off Rebound (1)
2007_001_058,2007_001,OLY-BAS,1,REGULAR SEASON,E2007,q1,0,58,BAS,PCBY,2FGAB,"SPLITTER, TIAGO",BASKONIA,21,6,04:00,0,0,,Missed Two Pointer (1/2 -  2 pt)
2007_001_059,2007_001,OLY-BAS,1,REGULAR SEASON,E2007,q1,0,59,BAS,PCBY,AG,"SPLITTER, TIAGO",BASKONIA,21,6,04:00,0,0,,Shot Rejected (1)
2007_001_060,2007_001,OLY-BAS,1,REGULAR SEASON,E2007,q1,0,60,BAS,PCBY,O,"SPLITTER, TIAGO",BASKONIA,21,6,04:00,0,0,,Off Rebound (2)
2007_001_061,2007_001,OLY-BAS,1,REGULAR SEASON,E2007,q1,0,61,BAS,PJWO,3FGA,"MICKEAL, PETE",BASKONIA,33,6,04:00,0,0,,Missed Three Pointer (0/1 -  0 pt)
2007_001_062,2007_001,OLY-BAS,1,REGULAR SEASON,E2007,q1,0,62,BAS,PCBX,O,"PRIGIONI, PABLO",BASKONIA,5,6,04:00,0,0,,Off Rebound (1)
2007_001_063,2007_001,OLY-BAS,1,REGULAR SEASON,E2007,q1,0,63,BAS,PCBY,2FGM,"SPLITTER, TIAGO",BASKONIA,21,6,04:00,11,13,,Two Pointer (2/3 -  4 pt)
2007_001_064,2007_001,OLY-BAS,1,REGULAR SEASON,E2007,q1,0,64,OLY,PTFW,FV,"TSAKALIDIS, JAKE",OLYMPIACOS PIRAEUS B.C.,10,6,04:00,0,0,,Block (1)
2007_001_065,2007_001,OLY-BAS,1,REGULAR SEASON,E2007,q1,0,65,OLY,PCRR,2FGM,"GREER, LYNN TERENCE",OLYMPIACOS PIRAEUS B.C.,11,6,04:00,13,13,,Two Pointer (1/2 -  2 pt)
2007_001_066,2007_001,OLY-BAS,1,REGULAR SEASON,E2007,q1,0,66,BAS,PJZJ,3FGA,"TELETOVIC, MIRZA",BASKONIA,12,6,04:00,0,0,,Missed Three Pointer (1/2 -  3 pt)
2007_001_067,2007_001,OLY-BAS,1,REGULAR SEASON,E2007,q1,0,67,BAS,PCBX,CM,"PRIGIONI, PABLO",BASKONIA,5,6,04:00,0,0,,Foul (1)
2007_001_068,2007_001,OLY-BAS,1,REGULAR SEASON,E2007,q1,0,68,OLY,PAQU,D,"BOUROUSIS, IOANNIS",OLYMPIACOS PIRAEUS B.C.,9,6,04:00,0,0,,Def Rebound (2)
2007_001_070,2007_001,OLY-BAS,1,REGULAR SEASON,E2007,q1,0,70,OLY,PAQU,RV,"BOUROUSIS, IOANNIS",OLYMPIACOS PIRAEUS B.C.,9,6,04:00,0,0,,Foul Drawn (1)
2007_001_072,2007_001,OLY-BAS,1,REGULAR SEASON,E2007,q1,0,72,OLY,PCBV,2FGA,"MACIJAUSKAS, ARVYDAS",OLYMPIACOS PIRAEUS B.C.,7,7,03:00,0,0,,Missed Two Pointer (3/5 -  6 pt)
2007_001_073,2007_001,OLY-BAS,1,REGULAR SEASON,E2007,q1,0,73,BAS,PJZJ,RV,"TELETOVIC, MIRZA",BASKONIA,12,7,03:00,0,0,,Foul Drawn (1)
2007_001_074,2007_001,OLY-BAS,1,REGULAR SEASON,E2007,q1,0,74,OLY,PTFW,CM,"TSAKALIDIS, JAKE",OLYMPIACOS PIRAEUS B.C.,10,7,03:00,0,0,,Foul (1)
2007_001_075,2007_001,OLY-BAS,1,REGULAR SEASON,E2007,q1,0,75,BAS,PJZJ,2FGA,"TELETOVIC, MIRZA",BASKONIA,12,7,03:00,0,0,,Missed Two Pointer (0/2 -  3 pt)
2007_001_076,2007_001,OLY-BAS,1,REGULAR SEASON,E2007,q1,0,76,BAS,PJZJ,2FGAB,"TELETOVIC, MIRZA",BASKONIA,12,7,03:00,0,0,,Missed Two Pointer (0/3 -  3 pt)
2007_001_077,2007_001,OLY-BAS,1,REGULAR SEASON,E2007,q1,0,77,BAS,PJZJ,AG,"TELETOVIC, MIRZA",BASKONIA,12,7,03:00,0,0,,Shot Rejected (1)
2007_001_078,2007_001,OLY-BAS,1,REGULAR SEASON,E2007,q1,0,78,BAS,PJZJ,ST,"TELETOVIC, MIRZA",BASKONIA,12,7,03:00,0,0,,Steal (1)
2007_001_079,2007_001,OLY-BAS,1,REGULAR SEASON,E2007,q1,0,79,BAS,PANB,2FGA,"RAKOCEVIC, IGOR",BASKONIA,8,7,03:00,0,0,,Missed Two Pointer (0/3 -  3 pt)
2007_001_080,2007_001,OLY-BAS,1,REGULAR SEASON,E2007,q1,0,80,BAS,PJZJ,O,"TELETOVIC, MIRZA",BASKONIA,12,7,03:00,0,0,,Off Rebound (1)
2007_001_081,2007_001,OLY-BAS,1,REGULAR SEASON,E2007,q1,0,81,BAS,PJZJ,2FGA,"TELETOVIC, MIRZA",BASKONIA,12,7,03:00,0,0,,Missed Two Pointer (0/4 -  3 pt)
2007_001_082,2007_001,OLY-BAS,1,REGULAR SEASON,E2007,q1,0,82,BAS,PJZJ,O,"TELETOVIC, MIRZA",BASKONIA,12,7,03:00,0,0,,Off Rebound (2)
2007_001_084,2007_001,OLY-BAS,1,REGULAR SEASON,E2007,q1,0,84,BAS,PJZJ,O,"TELETOVIC, MIRZA",BASKONIA,12,7,03:00,0,0,,Off Rebound (3)
2007_001_085,2007_001,OLY-BAS,1,REGULAR SEASON,E2007,q1,0,85,BAS,PJZJ,2FGA,"TELETOVIC, MIRZA",BASKONIA,12,7,03:00,0,0,,Missed Two Pointer (0/5 -  3 pt)
2007_001_086,2007_001,OLY-BAS,1,REGULAR SEASON,E2007,q1,0,86,BAS,PJWO,2FGA,"MICKEAL, PETE",BASKONIA,33,7,03:00,0,0,,Missed Two Pointer (0/1 -  0 pt)
2007_001_087,2007_001,OLY-BAS,1,REGULAR SEASON,E2007,q1,0,87,OLY,PAQU,FV,"BOUROUSIS, IOANNIS",OLYMPIACOS PIRAEUS B.C.,9,7,03:00,0,0,,Block (1)
2007_001_088,2007_001,OLY-BAS,1,REGULAR SEASON,E2007,q1,0,88,OLY,PAQU,D,"BOUROUSIS, IOANNIS",OLYMPIACOS PIRAEUS B.C.,9,7,03:00,0,0,,Def Rebound (3)
2007_001_089,2007_001,OLY-BAS,1,REGULAR SEASON,E2007,q1,0,89,OLY,PTFV,TO,"WOODS, QYNTEL",OLYMPIACOS PIRAEUS B.C.,6,7,03:00,0,0,,Turnover (1)
2007_001_090,2007_001,OLY-BAS,1,REGULAR SEASON,E2007,q1,0,90,OLY,PAQU,D,"BOUROUSIS, IOANNIS",OLYMPIACOS PIRAEUS B.C.,9,7,03:00,0,0,,Def Rebound (4)
2007_001_091,2007_001,OLY-BAS,1,REGULAR SEASON,E2007,q1,0,91,OLY,PCBV,RV,"MACIJAUSKAS, ARVYDAS",OLYMPIACOS PIRAEUS B.C.,7,7,03:00,0,0,,Foul Drawn (1)
2007_001_093,2007_001,OLY-BAS,1,REGULAR SEASON,E2007,q1,0,93,BAS,PCBX,OUT,"PRIGIONI, PABLO",BASKONIA,5,8,02:00,0,0,,Out
2007_001_094,2007_001,OLY-BAS,1,REGULAR SEASON,E2007,q1,0,94,BAS,PAFP,IN,"PLANINIC, ZORAN",BASKONIA,10,8,02:00,0,0,,In
2007_001_095,2007_001,OLY-BAS,1,REGULAR SEASON,E2007,q1,0,95,OLY,PAQU,OUT,"BOUROUSIS, IOANNIS",OLYMPIACOS PIRAEUS B.C.,9,8,02:00,0,0,,Out
2007_001_096,2007_001,OLY-BAS,1,REGULAR SEASON,E2007,q1,0,96,OLY,PAMM,IN,"PRINTEZIS, GEORGIOS",OLYMPIACOS PIRAEUS B.C.,16,8,02:00,0,0,,In
2007_001_097,2007_001,OLY-BAS,1,REGULAR SEASON,E2007,q1,0,97,OLY,PCBV,FTA,"MACIJAUSKAS, ARVYDAS",OLYMPIACOS PIRAEUS B.C.,7,8,02:00,0,0,,Missed Free Throw (0/1 -  6 pt)
2007_001_098,2007_001,OLY-BAS,1,REGULAR SEASON,E2007,q1,0,98,OLY,PCBV,FTM,"MACIJAUSKAS, ARVYDAS",OLYMPIACOS PIRAEUS B.C.,7,8,02:00,14,13,,Free Throw In (1/2 -  7 pt)
2007_001_099,2007_001,OLY-BAS,1,REGULAR SEASON,E2007,q1,0,99,OLY,PCBV,OUT,"MACIJAUSKAS, ARVYDAS",OLYMPIACOS PIRAEUS B.C.,7,8,02:00,0,0,,Out
2007_001_100,2007_001,OLY-BAS,1,REGULAR SEASON,E2007,q1,0,100,OLY,PALG,IN,"VASILIADIS, KOSTAS",OLYMPIACOS PIRAEUS B.C.,14,8,02:00,0,0,,In
2007_001_101,2007_001,OLY-BAS,1,REGULAR SEASON,E2007,q1,0,101,BAS,PCBY,RV,"SPLITTER, TIAGO",BASKONIA,21,8,02:00,0,0,,Foul Drawn (1)
2007_001_102,2007_001,OLY-BAS,1,REGULAR SEASON,E2007,q1,0,102,OLY,PTFW,CM,"TSAKALIDIS, JAKE",OLYMPIACOS PIRAEUS B.C.,10,8,02:00,0,0,,Foul (2)
2007_001_103,2007_001,OLY-BAS,1,REGULAR SEASON,E2007,q1,0,103,BAS,PCBY,FTM,"SPLITTER, TIAGO",BASKONIA,21,8,02:00,14,14,,Free Throw In (1/1 -  5 pt)
2007_001_104,2007_001,OLY-BAS,1,REGULAR SEASON,E2007,q1,0,104,BAS,PCBX,CM,"PRIGIONI, PABLO",BASKONIA,5,8,02:00,0,0,,Foul (2)
2007_001_105,2007_001,OLY-BAS,1,REGULAR SEASON,E2007,q1,0,105,BAS,PCBY,FTA,"SPLITTER, TIAGO",BASKONIA,21,8,02:00,0,0,,Missed Free Throw (1/2 -  5 pt)
2007_001_106,2007_001,OLY-BAS,1,REGULAR SEASON,E2007,q1,0,106,OLY,PAMM,D,"PRINTEZIS, GEORGIOS",OLYMPIACOS PIRAEUS B.C.,16,8,02:00,0,0,,Def Rebound (1)
2007_001_108,2007_001,OLY-BAS,1,REGULAR SEASON,E2007,q1,0,108,BAS,PAFP,CM,"PLANINIC, ZORAN",BASKONIA,10,8,02:00,0,0,,Foul (1)
2007_001_109,2007_001,OLY-BAS,1,REGULAR SEASON,E2007,q1,0,109,OLY,PCRR,RV,"GREER, LYNN TERENCE",OLYMPIACOS PIRAEUS B.C.,11,8,02:00,0,0,,Foul Drawn (2)
2007_001_110,2007_001,OLY-BAS,1,REGULAR SEASON,E2007,q1,0,110,OLY,PTFW,OUT,"TSAKALIDIS, JAKE",OLYMPIACOS PIRAEUS B.C.,10,8,02:00,0,0,,Out
2007_001_111,2007_001,OLY-BAS,1,REGULAR SEASON,E2007,q1,0,111,OLY,P000126,IN,"JACKSON, MARC",OLYMPIACOS PIRAEUS B.C.,25,8,02:00,0,0,,In
2007_001_112,2007_001,OLY-BAS,1,REGULAR SEASON,E2007,q1,0,112,OLY,PCRR,FTM,"GREER, LYNN TERENCE",OLYMPIACOS PIRAEUS B.C.,11,8,02:00,15,14,,Free Throw In (1/1 -  3 pt)
2007_001_113,2007_001,OLY-BAS,1,REGULAR SEASON,E2007,q1,0,113,OLY,PCRR,FTM,"GREER, LYNN TERENCE",OLYMPIACOS PIRAEUS B.C.,11,8,02:00,16,14,,Free Throw In (2/2 -  4 pt)
2007_001_115,2007_001,OLY-BAS,1,REGULAR SEASON,E2007,q1,0,115,BAS,PJZJ,O,"TELETOVIC, MIRZA",BASKONIA,12,8,02:00,0,0,,Off Rebound (4)
2007_001_117,2007_001,OLY-BAS,1,REGULAR SEASON,E2007,q1,0,117,BAS,PJZJ,O,"TELETOVIC, MIRZA",BASKONIA,12,8,02:00,0,0,,Off Rebound (5)
2007_001_118,2007_001,OLY-BAS,1,REGULAR SEASON,E2007,q1,0,118,BAS,PJZJ,2FGM,"TELETOVIC, MIRZA",BASKONIA,12,8,02:00,16,16,,Two Pointer (1/6 -  5 pt)
2007_001_120,2007_001,OLY-BAS,1,REGULAR SEASON,E2007,q1,0,120,BAS,PAFP,CM,"PLANINIC, ZORAN",BASKONIA,10,9,01:00,0,0,,Foul (2)
2007_001_121,2007_001,OLY-BAS,1,REGULAR SEASON,E2007,q1,0,121,OLY,PCRR,RV,"GREER, LYNN TERENCE",OLYMPIACOS PIRAEUS B.C.,11,9,01:00,0,0,,Foul Drawn (3)
2007_001_122,2007_001,OLY-BAS,1,REGULAR SEASON,E2007,q1,0,122,BAS,PAJK,IN,"VIDAL, SERGI",BASKONIA,9,9,01:00,0,0,,In
2007_001_123,2007_001,OLY-BAS,1,REGULAR SEASON,E2007,q1,0,123,BAS,PJWO,OUT,"MICKEAL, PETE",BASKONIA,33,9,01:00,0,0,,Out
2007_001_124,2007_001,OLY-BAS,1,REGULAR SEASON,E2007,q1,0,124,OLY,PCRR,FTM,"GREER, LYNN TERENCE",OLYMPIACOS PIRAEUS B.C.,11,9,01:00,17,16,,Free Throw In (3/3 -  5 pt)
2007_001_125,2007_001,OLY-BAS,1,REGULAR SEASON,E2007,q1,0,125,OLY,PCRR,FTM,"GREER, LYNN TERENCE",OLYMPIACOS PIRAEUS B.C.,11,9,01:00,18,16,,Free Throw In (4/4 -  6 pt)
2007_001_126,2007_001,OLY-BAS,1,REGULAR SEASON,E2007,q1,0,126,OLY,PAQU,IN,"BOUROUSIS, IOANNIS",OLYMPIACOS PIRAEUS B.C.,9,9,01:00,0,0,,In
2007_001_127,2007_001,OLY-BAS,1,REGULAR SEASON,E2007,q1,0,127,OLY,PAMM,OUT,"PRINTEZIS, GEORGIOS",OLYMPIACOS PIRAEUS B.C.,16,9,01:00,0,0,,Out
2007_001_128,2007_001,OLY-BAS,1,REGULAR SEASON,E2007,q1,0,128,BAS,PANB,2FGA,"RAKOCEVIC, IGOR",BASKONIA,8,9,01:00,0,0,,Missed Two Pointer (0/4 -  3 pt)
2007_001_129,2007_001,OLY-BAS,1,REGULAR SEASON,E2007,q1,0,129,BAS,PANB,2FGAB,"RAKOCEVIC, IGOR",BASKONIA,8,9,01:00,0,0,,Missed Two Pointer (0/5 -  3 pt)
2007_001_130,2007_001,OLY-BAS,1,REGULAR SEASON,E2007,q1,0,130,BAS,PANB,AG,"RAKOCEVIC, IGOR",BASKONIA,8,9,01:00,0,0,,Shot Rejected (1)
2007_001_131,2007_001,OLY-BAS,1,REGULAR SEASON,E2007,q1,0,131,OLY,PALG,FV,"VASILIADIS, KOSTAS",OLYMPIACOS PIRAEUS B.C.,14,9,01:00,0,0,,Block (1)
2007_001_132,2007_001,OLY-BAS,1,REGULAR SEASON,E2007,q1,0,132,OLY,P000126,D,"JACKSON, MARC",OLYMPIACOS PIRAEUS B.C.,25,9,01:00,0,0,,Def Rebound (1)
2007_001_133,2007_001,OLY-BAS,1,REGULAR SEASON,E2007,q1,0,133,OLY,PAQU,3FGM,"BOUROUSIS, IOANNIS",OLYMPIACOS PIRAEUS B.C.,9,9,01:00,21,16,,Three Pointer (1/1 -  3 pt)
2007_001_134,2007_001,OLY-BAS,1,REGULAR SEASON,E2007,q1,0,134,OLY,PCRR,AS,"GREER, LYNN TERENCE",OLYMPIACOS PIRAEUS B.C.,11,9,01:00,0,0,,Assist (2)
2007_001_135,2007_001,OLY-BAS,1,REGULAR SEASON,E2007,q1,0,135,BAS,PAFP,2FGA,"PLANINIC, ZORAN",BASKONIA,10,9,01:00,0,0,,Missed Two Pointer (0/1 -  0 pt)
2007_001_136,2007_001,OLY-BAS,1,REGULAR SEASON,E2007,q1,0,136,BAS,PCBY,O,"SPLITTER, TIAGO",BASKONIA,21,9,01:00,0,0,,Off Rebound (3)
2007_001_137,2007_001,OLY-BAS,1,REGULAR SEASON,E2007,q1,0,137,BAS,PCBY,2FGM,"SPLITTER, TIAGO",BASKONIA,21,9,01:00,21,18,,Two Pointer (3/4 -  7 pt)
2007_001_139,2007_001,OLY-BAS,1,REGULAR SEASON,E2007,q1,0,139,OLY,P000126,3FGM,"JACKSON, MARC",OLYMPIACOS PIRAEUS B.C.,25,10,00:00,24,18,,Three Pointer (1/1 -  5 pt)
2007_001_140,2007_001,OLY-BAS,1,REGULAR SEASON,E2007,q1,0,140,OLY,PTFV,AS,"WOODS, QYNTEL",OLYMPIACOS PIRAEUS B.C.,6,10,00:00,0,0,,Assist (1)
2007_001_142,2007_001,OLY-BAS,1,REGULAR SEASON,E2007,q1,0,142,BAS,PAFP,2FGM,"PLANINIC, ZORAN",BASKONIA,10,10,00:00,24,20,,Two Pointer (1/2 -  2 pt)
2007_001_143,2007_001,OLY-BAS,1,REGULAR SEASON,E2007,q1,0,143,OLY,PCRR,2FGA,"GREER, LYNN TERENCE",OLYMPIACOS PIRAEUS B.C.,11,10,00:00,0,0,,Missed Two Pointer (1/3 -  6 pt)
2007_001_144,2007_001,OLY-BAS,1,REGULAR SEASON,E2007,q1,0,144,OLY,P000126,O,"JACKSON, MARC",OLYMPIACOS PIRAEUS B.C.,25,10,00:00,0,0,,Off Rebound (2)
2007_001_145,2007_001,OLY-BAS,1,REGULAR SEASON,E2007,q1,0,145,OLY,P000126,RV,"JACKSON, MARC",OLYMPIACOS PIRAEUS B.C.,25,10,00:00,0,0,,Foul Drawn (1)
2007_001_146,2007_001,OLY-BAS,1,REGULAR SEASON,E2007,q1,0,146,BAS,PCBY,CM,"SPLITTER, TIAGO",BASKONIA,21,10,00:00,0,0,,Foul (2)
2007_001_147,2007_001,OLY-BAS,1,REGULAR SEASON,E2007,q1,0,147,OLY,PACJ,IN,"PAPAMAKARIOS, MANOLIS",OLYMPIACOS PIRAEUS B.C.,5,10,00:00,0,0,,In
2007_001_148,2007_001,OLY-BAS,1,REGULAR SEASON,E2007,q1,0,148,OLY,PCRR,OUT,"GREER, LYNN TERENCE",OLYMPIACOS PIRAEUS B.C.,11,10,00:00,0,0,,Out
2007_001_149,2007_001,OLY-BAS,1,REGULAR SEASON,E2007,q1,0,149,OLY,P000126,FTM,"JACKSON, MARC",OLYMPIACOS PIRAEUS B.C.,25,10,00:00,25,20,,Free Throw In (1/1 -  6 pt)
2007_001_150,2007_001,OLY-BAS,1,REGULAR SEASON,E2007,q1,0,150,OLY,P000126,FTM,"JACKSON, MARC",OLYMPIACOS PIRAEUS B.C.,25,10,00:00,26,20,,Free Throw In (2/2 -  7 pt)
2007_001_151,2007_001,OLY-BAS,1,REGULAR SEASON,E2007,q1,0,151,OLY,PAMM,IN,"PRINTEZIS, GEORGIOS",OLYMPIACOS PIRAEUS B.C.,16,10,00:00,0,0,,In
2007_001_152,2007_001,OLY-BAS,1,REGULAR SEASON,E2007,q1,0,152,OLY,P000126,OUT,"JACKSON, MARC",OLYMPIACOS PIRAEUS B.C.,25,10,00:00,0,0,,Out
2007_001_153,2007_001,OLY-BAS,1,REGULAR SEASON,E2007,q1,0,153,BAS,PANB,RV,"RAKOCEVIC, IGOR",BASKONIA,8,10,00:00,0,0,,Foul Drawn (1)
2007_001_154,2007_001,OLY-BAS,1,REGULAR SEASON,E2007,q1,0,154,OLY,PACJ,CM,"PAPAMAKARIOS, MANOLIS",OLYMPIACOS PIRAEUS B.C.,5,10,00:00,0,0,,Foul (1)
2007_001_155,2007_001,OLY-BAS,1,REGULAR SEASON,E2007,q1,0,155,BAS,PAFP,3FGA,"PLANINIC, ZORAN",BASKONIA,10,10,00:00,0,0,,Missed Three Pointer (0/1 -  2 pt)
2007_001_156,2007_001,OLY-BAS,1,REGULAR SEASON,E2007,q1,0,156,OLY,PAQU,D,"BOUROUSIS, IOANNIS",OLYMPIACOS PIRAEUS B.C.,9,10,00:00,0,0,,Def Rebound (5)
2007_001_158,2007_001,OLY-BAS,1,REGULAR SEASON,E2007,q1,0,158,,,EP,,,,11,,0,0,,End Period
2007_001_159,2007_001,OLY-BAS,1,REGULAR SEASON,E2007,q2,0,159,OLY,PACJ,OUT,"PAPAMAKARIOS, MANOLIS",OLYMPIACOS PIRAEUS B.C.,5,11,09:00,0,0,,Out
2007_001_160,2007_001,OLY-BAS,1,REGULAR SEASON,E2007,q2,0,160,OLY,PTFV,OUT,"WOODS, QYNTEL",OLYMPIACOS PIRAEUS B.C.,6,11,09:00,0,0,,Out
2007_001_161,2007_001,OLY-BAS,1,REGULAR SEASON,E2007,q2,0,161,OLY,PCBV,IN,"MACIJAUSKAS, ARVYDAS",OLYMPIACOS PIRAEUS B.C.,7,11,09:00,0,0,,In
2007_001_162,2007_001,OLY-BAS,1,REGULAR SEASON,E2007,q2,0,162,OLY,PCRR,IN,"GREER, LYNN TERENCE",OLYMPIACOS PIRAEUS B.C.,11,11,09:00,0,0,,In
2007_001_163,2007_001,OLY-BAS,1,REGULAR SEASON,E2007,q2,0,163,OLY,PAMM,OUT,"PRINTEZIS, GEORGIOS",OLYMPIACOS PIRAEUS B.C.,16,11,09:00,0,0,,Out
2007_001_164,2007_001,OLY-BAS,1,REGULAR SEASON,E2007,q2,0,164,OLY,P000126,IN,"JACKSON, MARC",OLYMPIACOS PIRAEUS B.C.,25,11,09:00,0,0,,In
2007_001_165,2007_001,OLY-BAS,1,REGULAR SEASON,E2007,q2,0,165,BAS,PCBY,OUT,"SPLITTER, TIAGO",BASKONIA,21,11,09:00,0,0,,Out
2007_001_166,2007_001,OLY-BAS,1,REGULAR SEASON,E2007,q2,0,166,BAS,PJTT,IN,"MCDONALD, WILL",BASKONIA,45,11,09:00,0,0,,In
2007_001_167,2007_001,OLY-BAS,1,REGULAR SEASON,E2007,q2,0,167,OLY,PCRR,2FGM,"GREER, LYNN TERENCE",OLYMPIACOS PIRAEUS B.C.,11,11,09:00,28,20,,Two Pointer (2/4 -  8 pt)
2007_001_168,2007_001,OLY-BAS,1,REGULAR SEASON,E2007,q2,0,168,BAS,PANB,TO,"RAKOCEVIC, IGOR",BASKONIA,8,11,09:00,0,0,,Turnover (1)
2007_001_169,2007_001,OLY-BAS,1,REGULAR SEASON,E2007,q2,0,169,OLY,PCBV,ST,"MACIJAUSKAS, ARVYDAS",OLYMPIACOS PIRAEUS B.C.,7,11,09:00,0,0,,Steal (2)
2007_001_170,2007_001,OLY-BAS,1,REGULAR SEASON,E2007,q2,0,170,OLY,P000126,2FGA,"JACKSON, MARC",OLYMPIACOS PIRAEUS B.C.,25,11,09:00,0,0,,Missed Two Pointer (1/4 -  7 pt)
2007_001_171,2007_001,OLY-BAS,1,REGULAR SEASON,E2007,q2,0,171,BAS,PJZJ,D,"TELETOVIC, MIRZA",BASKONIA,12,11,09:00,0,0,,Def Rebound (2)
2007_001_172,2007_001,OLY-BAS,1,REGULAR SEASON,E2007,q2,0,172,BAS,PANB,OUT,"RAKOCEVIC, IGOR",BASKONIA,8,11,09:00,0,0,,Out
2007_001_173,2007_001,OLY-BAS,1,REGULAR SEASON,E2007,q2,0,173,BAS,PJWO,IN,"MICKEAL, PETE",BASKONIA,33,11,09:00,0,0,,In
2007_001_175,2007_001,OLY-BAS,1,REGULAR SEASON,E2007,q2,0,175,BAS,,D,,BASKONIA,,12,08:00,0,0,,Def Rebound (1)
2007_001_176,2007_001,OLY-BAS,1,REGULAR SEASON,E2007,q2,0,176,BAS,PJWO,TO,"MICKEAL, PETE",BASKONIA,33,12,08:00,0,0,,Turnover (1)
2007_001_177,2007_001,OLY-BAS,1,REGULAR SEASON,E2007,q2,0,177,BAS,PAFP,2FGM,"PLANINIC, ZORAN",BASKONIA,10,12,08:00,28,22,,Two Pointer (2/3 -  4 pt)
2007_001_178,2007_001,OLY-BAS,1,REGULAR SEASON,E2007,q2,0,178,OLY,PCBV,ST,"MACIJAUSKAS, ARVYDAS",OLYMPIACOS PIRAEUS B.C.,7,12,08:00,0,0,,Steal (3)
2007_001_179,2007_001,OLY-BAS,1,REGULAR SEASON,E2007,q2,0,179,OLY,P000126,2FGA,"JACKSON, MARC",OLYMPIACOS PIRAEUS B.C.,25,12,08:00,0,0,,Missed Two Pointer (1/5 -  7 pt)
2007_001_180,2007_001,OLY-BAS,1,REGULAR SEASON,E2007,q2,0,180,OLY,PALG,ST,"VASILIADIS, KOSTAS",OLYMPIACOS PIRAEUS B.C.,14,12,08:00,0,0,,Steal (1)
2007_001_181,2007_001,OLY-BAS,1,REGULAR SEASON,E2007,q2,0,181,OLY,PCBV,3FGA,"MACIJAUSKAS, ARVYDAS",OLYMPIACOS PIRAEUS B.C.,7,12,08:00,0,0,,Missed Three Pointer (0/1 -  7 pt)
2007_001_183,2007_001,OLY-BAS,1,REGULAR SEASON,E2007,q2,0,183,OLY,PAQU,2FGM,"BOUROUSIS, IOANNIS",OLYMPIACOS PIRAEUS B.C.,9,12,08:00,30,22,,Two Pointer (1/2 -  5 pt)
2007_001_185,2007_001,OLY-BAS,1,REGULAR SEASON,E2007,q2,0,185,OLY,PAQU,RV,"BOUROUSIS, IOANNIS",OLYMPIACOS PIRAEUS B.C.,9,12,08:00,0,0,,Foul Drawn (2)
2007_001_186,2007_001,OLY-BAS,1,REGULAR SEASON,E2007,q2,0,186,BAS,PJTT,CM,"MCDONALD, WILL",BASKONIA,45,12,08:00,0,0,,Foul (1)
2007_001_187,2007_001,OLY-BAS,1,REGULAR SEASON,E2007,q2,0,187,OLY,PAQU,FTM,"BOUROUSIS, IOANNIS",OLYMPIACOS PIRAEUS B.C.,9,12,08:00,31,22,,Free Throw In (1/1 -  6 pt)
2007_001_188,2007_001,OLY-BAS,1,REGULAR SEASON,E2007,q2,0,188,BAS,PJZJ,OUT,"TELETOVIC, MIRZA",BASKONIA,12,12,08:00,0,0,,Out
2007_001_189,2007_001,OLY-BAS,1,REGULAR SEASON,E2007,q2,0,189,BAS,PCBY,IN,"SPLITTER, TIAGO",BASKONIA,21,12,08:00,0,0,,In
2007_001_190,2007_001,OLY-BAS,1,REGULAR SEASON,E2007,q2,0,190,BAS,PAFP,2FGM,"PLANINIC, ZORAN",BASKONIA,10,12,08:00,31,24,,Two Pointer (3/4 -  6 pt)
2007_001_192,2007_001,OLY-BAS,1,REGULAR SEASON,E2007,q2,0,192,OLY,P000126,2FGA,"JACKSON, MARC",OLYMPIACOS PIRAEUS B.C.,25,13,07:00,0,0,,Missed Two Pointer (1/6 -  7 pt)
2007_001_193,2007_001,OLY-BAS,1,REGULAR SEASON,E2007,q2,0,193,OLY,PTFV,IN,"WOODS, QYNTEL",OLYMPIACOS PIRAEUS B.C.,6,13,07:00,0,0,,In
2007_001_194,2007_001,OLY-BAS,1,REGULAR SEASON,E2007,q2,0,194,OLY,PALG,OUT,"VASILIADIS, KOSTAS",OLYMPIACOS PIRAEUS B.C.,14,13,07:00,0,0,,Out
2007_001_195,2007_001,OLY-BAS,1,REGULAR SEASON,E2007,q2,0,195,OLY,PTFV,O,"WOODS, QYNTEL",OLYMPIACOS PIRAEUS B.C.,6,13,07:00,0,0,,Off Rebound (1)
2007_001_196,2007_001,OLY-BAS,1,REGULAR SEASON,E2007,q2,0,196,OLY,PTFV,2FGM,"WOODS, QYNTEL",OLYMPIACOS PIRAEUS B.C.,6,13,07:00,33,24,,Two Pointer (1/2 -  5 pt)
2007_001_197,2007_001,OLY-BAS,1,REGULAR SEASON,E2007,q2,0,197,OLY,PTFV,CM,"WOODS, QYNTEL",OLYMPIACOS PIRAEUS B.C.,6,13,07:00,0,0,,Foul (1)
2007_001_198,2007_001,OLY-BAS,1,REGULAR SEASON,E2007,q2,0,198,BAS,PAJK,RV,"VIDAL, SERGI",BASKONIA,9,13,07:00,0,0,,Foul Drawn (1)
2007_001_199,2007_001,OLY-BAS,1,REGULAR SEASON,E2007,q2,0,199,BAS,PAJK,FTM,"VIDAL, SERGI",BASKONIA,9,13,07:00,33,25,,Free Throw In (1/1 -  1 pt)
2007_001_200,2007_001,OLY-BAS,1,REGULAR SEASON,E2007,q2,0,200,BAS,PAJK,FTA,"VIDAL, SERGI",BASKONIA,9,13,07:00,0,0,,Missed Free Throw (1/2 -  1 pt)
2007_001_201,2007_001,OLY-BAS,1,REGULAR SEASON,E2007,q2,0,201,OLY,PTFV,D,"WOODS, QYNTEL",OLYMPIACOS PIRAEUS B.C.,6,13,07:00,0,0,,Def Rebound (2)
2007_001_202,2007_001,OLY-BAS,1,REGULAR SEASON,E2007,q2,0,202,OLY,PTFV,3FGM,"WOODS, QYNTEL",OLYMPIACOS PIRAEUS B.C.,6,13,07:00,36,25,,Three Pointer (2/3 -  8 pt)
2007_001_203,2007_001,OLY-BAS,1,REGULAR SEASON,E2007,q2,0,203,OLY,PCBV,AS,"MACIJAUSKAS, ARVYDAS",OLYMPIACOS PIRAEUS B.C.,7,13,07:00,0,0,,Assist (2)
2007_001_204,2007_001,OLY-BAS,1,REGULAR SEASON,E2007,q2,0,204,BAS,PJTT,2FGM,"MCDONALD, WILL",BASKONIA,45,13,07:00,36,27,,Two Pointer (1/1 -  2 pt)
2007_001_205,2007_001,OLY-BAS,1,REGULAR SEASON,E2007,q2,0,205,BAS,PCBY,AS,"SPLITTER, TIAGO",BASKONIA,21,13,07:00,0,0,,Assist (3)
2007_001_207,2007_001,OLY-BAS,1,REGULAR SEASON,E2007,q2,0,207,OLY,P000126,2FGM,"JACKSON, MARC",OLYMPIACOS PIRAEUS B.C.,25,14,06:00,38,27,,Two Pointer (2/7 -  9 pt)
2007_001_208,2007_001,OLY-BAS,1,REGULAR SEASON,E2007,q2,0,208,BAS,PJTT,TO,"MCDONALD, WILL",BASKONIA,45,14,06:00,0,0,,Turnover (1)
2007_001_210,2007_001,OLY-BAS,1,REGULAR SEASON,E2007,q2,0,210,BAS,PAJK,ST,"VIDAL, SERGI",BASKONIA,9,14,06:00,0,0,,Steal (1)
2007_001_211,2007_001,OLY-BAS,1,REGULAR SEASON,E2007,q2,0,211,BAS,PAJK,RV,"VIDAL, SERGI",BASKONIA,9,14,06:00,0,0,,Foul Drawn (2)
2007_001_212,2007_001,OLY-BAS,1,REGULAR SEASON,E2007,q2,0,212,OLY,PCBV,ST,"MACIJAUSKAS, ARVYDAS",OLYMPIACOS PIRAEUS B.C.,7,14,06:00,0,0,,Steal (4)
2007_001_213,2007_001,OLY-BAS,1,REGULAR SEASON,E2007,q2,0,213,OLY,PTFV,TO,"WOODS, QYNTEL",OLYMPIACOS PIRAEUS B.C.,6,14,06:00,0,0,,Turnover (2)
2007_001_214,2007_001,OLY-BAS,1,REGULAR SEASON,E2007,q2,0,214,OLY,PTFV,CM,"WOODS, QYNTEL",OLYMPIACOS PIRAEUS B.C.,6,14,06:00,0,0,,Foul (2)
2007_001_215,2007_001,OLY-BAS,1,REGULAR SEASON,E2007,q2,0,215,OLY,PTFV,OUT,"WOODS, QYNTEL",OLYMPIACOS PIRAEUS B.C.,6,14,06:00,0,0,,Out
2007_001_216,2007_001,OLY-BAS,1,REGULAR SEASON,E2007,q2,0,216,OLY,PALG,IN,"VASILIADIS, KOSTAS",OLYMPIACOS PIRAEUS B.C.,14,14,06:00,0,0,,In
2007_001_217,2007_001,OLY-BAS,1,REGULAR SEASON,E2007,q2,0,217,BAS,PAJK,CM,"VIDAL, SERGI",BASKONIA,9,14,06:00,0,0,,Foul (1)
2007_001_218,2007_001,OLY-BAS,1,REGULAR SEASON,E2007,q2,0,218,OLY,P000126,RV,"JACKSON, MARC",OLYMPIACOS PIRAEUS B.C.,25,14,06:00,0,0,,Foul Drawn (2)
2007_001_219,2007_001,OLY-BAS,1,REGULAR SEASON,E2007,q2,0,219,BAS,PANB,IN,"RAKOCEVIC, IGOR",BASKONIA,8,14,06:00,0,0,,In
2007_001_220,2007_001,OLY-BAS,1,REGULAR SEASON,E2007,q2,0,220,BAS,PJWO,OUT,"MICKEAL, PETE",BASKONIA,33,14,06:00,0,0,,Out
2007_001_221,2007_001,OLY-BAS,1,REGULAR SEASON,E2007,q2,0,221,OLY,P000126,FTM,"JACKSON, MARC",OLYMPIACOS PIRAEUS B.C.,25,14,06:00,39,27,,Free Throw In (3/3 -  10 pt)
2007_001_222,2007_001,OLY-BAS,1,REGULAR SEASON,E2007,q2,0,222,OLY,P000126,FTM,"JACKSON, MARC",OLYMPIACOS PIRAEUS B.C.,25,14,06:00,40,27,,Free Throw In (4/4 -  11 pt)
2007_001_223,2007_001,OLY-BAS,1,REGULAR SEASON,E2007,q2,0,223,BAS,PCBX,IN,"PRIGIONI, PABLO",BASKONIA,5,14,06:00,0,0,,In
2007_001_224,2007_001,OLY-BAS,1,REGULAR SEASON,E2007,q2,0,224,BAS,PAJK,OUT,"VIDAL, SERGI",BASKONIA,9,14,06:00,0,0,,Out
2007_001_225,2007_001,OLY-BAS,1,REGULAR SEASON,E2007,q2,0,225,BAS,PJTT,2FGAB,"MCDONALD, WILL",BASKONIA,45,14,06:00,0,0,,Missed Two Pointer (1/2 -  2 pt)
2007_001_226,2007_001,OLY-BAS,1,REGULAR SEASON,E2007,q2,0,226,BAS,PJTT,AG,"MCDONALD, WILL",BASKONIA,45,14,06:00,0,0,,Shot Rejected (1)
2007_001_227,2007_001,OLY-BAS,1,REGULAR SEASON,E2007,q2,0,227,BAS,PJTT,CM,"MCDONALD, WILL",BASKONIA,45,14,06:00,0,0,,Foul (2)
2007_001_228,2007_001,OLY-BAS,1,REGULAR SEASON,E2007,q2,0,228,OLY,P000126,FV,"JACKSON, MARC",OLYMPIACOS PIRAEUS B.C.,25,14,06:00,0,0,,Block (1)
2007_001_229,2007_001,OLY-BAS,1,REGULAR SEASON,E2007,q2,0,229,OLY,PAQU,D,"BOUROUSIS, IOANNIS",OLYMPIACOS PIRAEUS B.C.,9,14,06:00,0,0,,Def Rebound (6)
2007_001_230,2007_001,OLY-BAS,1,REGULAR SEASON,E2007,q2,0,230,OLY,PAQU,RV,"BOUROUSIS, IOANNIS",OLYMPIACOS PIRAEUS B.C.,9,14,06:00,0,0,,Foul Drawn (3)
2007_001_231,2007_001,OLY-BAS,1,REGULAR SEASON,E2007,q2,0,231,OLY,PALG,OUT,"VASILIADIS, KOSTAS",OLYMPIACOS PIRAEUS B.C.,14,14,06:00,0,0,,Out
2007_001_232,2007_001,OLY-BAS,1,REGULAR SEASON,E2007,q2,0,232,OLY,PJDR,IN,"TEODOSIC, MILOS",OLYMPIACOS PIRAEUS B.C.,18,14,06:00,0,0,,In
2007_001_233,2007_001,OLY-BAS,1,REGULAR SEASON,E2007,q2,0,233,BAS,PJZJ,IN,"TELETOVIC, MIRZA",BASKONIA,12,14,06:00,0,0,,In
2007_001_234,2007_001,OLY-BAS,1,REGULAR SEASON,E2007,q2,0,234,BAS,PJTT,OUT,"MCDONALD, WILL",BASKONIA,45,14,06:00,0,0,,Out
2007_001_236,2007_001,OLY-BAS,1,REGULAR SEASON,E2007,q2,0,236,OLY,PCRR,2FGM,"GREER, LYNN TERENCE",OLYMPIACOS PIRAEUS B.C.,11,15,05:00,42,27,,Two Pointer (3/5 -  10 pt)
2007_001_237,2007_001,OLY-BAS,1,REGULAR SEASON,E2007,q2,0,237,OLY,P000126,AS,"JACKSON, MARC",OLYMPIACOS PIRAEUS B.C.,25,15,05:00,0,0,,Assist (1)
2007_001_238,2007_001,OLY-BAS,1,REGULAR SEASON,E2007,q2,0,238,BAS,PCBX,3FGA,"PRIGIONI, PABLO",BASKONIA,5,15,05:00,0,0,,Missed Three Pointer (1/3 -  3 pt)
2007_001_239,2007_001,OLY-BAS,1,REGULAR SEASON,E2007,q2,0,239,BAS,,O,,BASKONIA,,15,05:00,0,0,,Off Rebound (1)
2007_001_240,2007_001,OLY-BAS,1,REGULAR SEASON,E2007,q2,0,240,BAS,PJZJ,3FGA,"TELETOVIC, MIRZA",BASKONIA,12,15,05:00,0,0,,Missed Three Pointer (1/3 -  5 pt)
2007_001_241,2007_001,OLY-BAS,1,REGULAR SEASON,E2007,q2,0,241,OLY,PCRR,D,"GREER, LYNN TERENCE",OLYMPIACOS PIRAEUS B.C.,11,15,05:00,0,0,,Def Rebound (1)
2007_001_242,2007_001,OLY-BAS,1,REGULAR SEASON,E2007,q2,0,242,OLY,P000126,2FGM,"JACKSON, MARC",OLYMPIACOS PIRAEUS B.C.,25,15,05:00,44,27,,Two Pointer (3/8 -  13 pt)
2007_001_243,2007_001,OLY-BAS,1,REGULAR SEASON,E2007,q2,0,243,BAS,PAFP,2FGA,"PLANINIC, ZORAN",BASKONIA,10,15,05:00,0,0,,Missed Two Pointer (3/5 -  6 pt)
2007_001_244,2007_001,OLY-BAS,1,REGULAR SEASON,E2007,q2,0,244,BAS,,O,,BASKONIA,,15,05:00,0,0,,Off Rebound (2)
2007_001_246,2007_001,OLY-BAS,1,REGULAR SEASON,E2007,q2,0,246,OLY,PTFW,IN,"TSAKALIDIS, JAKE",OLYMPIACOS PIRAEUS B.C.,10,16,04:00,0,0,,In
2007_001_247,2007_001,OLY-BAS,1,REGULAR SEASON,E2007,q2,0,247,OLY,P000126,OUT,"JACKSON, MARC",OLYMPIACOS PIRAEUS B.C.,25,16,04:00,0,0,,Out
2007_001_248,2007_001,OLY-BAS,1,REGULAR SEASON,E2007,q2,0,248,BAS,PANB,2FGA,"RAKOCEVIC, IGOR",BASKONIA,8,16,04:00,0,0,,Missed Two Pointer (0/6 -  3 pt)
2007_001_249,2007_001,OLY-BAS,1,REGULAR SEASON,E2007,q2,0,249,BAS,PJZJ,O,"TELETOVIC, MIRZA",BASKONIA,12,16,04:00,0,0,,Off Rebound (6)
2007_001_250,2007_001,OLY-BAS,1,REGULAR SEASON,E2007,q2,0,250,BAS,PJZJ,2FGA,"TELETOVIC, MIRZA",BASKONIA,12,16,04:00,0,0,,Missed Two Pointer (1/7 -  5 pt)
2007_001_251,2007_001,OLY-BAS,1,REGULAR SEASON,E2007,q2,0,251,BAS,PJZJ,O,"TELETOVIC, MIRZA",BASKONIA,12,16,04:00,0,0,,Off Rebound (7)
2007_001_252,2007_001,OLY-BAS,1,REGULAR SEASON,E2007,q2,0,252,BAS,PJZJ,2FGM,"TELETOVIC, MIRZA",BASKONIA,12,16,04:00,44,29,,Two Pointer (2/8 -  7 pt)
2007_001_253,2007_001,OLY-BAS,1,REGULAR SEASON,E2007,q2,0,253,OLY,PCRR,RV,"GREER, LYNN TERENCE",OLYMPIACOS PIRAEUS B.C.,11,16,04:00,0,0,,Foul Drawn (4)
2007_001_254,2007_001,OLY-BAS,1,REGULAR SEASON,E2007,q2,0,254,BAS,PJZJ,CM,"TELETOVIC, MIRZA",BASKONIA,12,16,04:00,0,0,,Foul (1)
2007_001_255,2007_001,OLY-BAS,1,REGULAR SEASON,E2007,q2,0,255,OLY,PCRR,FTM,"GREER, LYNN TERENCE",OLYMPIACOS PIRAEUS B.C.,11,16,04:00,45,29,,Free Throw In (5/5 -  11 pt)
2007_001_256,2007_001,OLY-BAS,1,REGULAR SEASON,E2007,q2,0,256,OLY,PCRR,FTM,"GREER, LYNN TERENCE",OLYMPIACOS PIRAEUS B.C.,11,16,04:00,46,29,,Free Throw In (6/6 -  12 pt)
2007_001_257,2007_001,OLY-BAS,1,REGULAR SEASON,E2007,q2,0,257,BAS,PCBY,2FGM,"SPLITTER, TIAGO",BASKONIA,21,16,04:00,46,31,,Two Pointer (4/5 -  9 pt)
2007_001_258,2007_001,OLY-BAS,1,REGULAR SEASON,E2007,q2,0,258,BAS,PCBX,AS,"PRIGIONI, PABLO",BASKONIA,5,16,04:00,0,0,,Assist (2)
2007_001_260,2007_001,OLY-BAS,1,REGULAR SEASON,E2007,q2,0,260,OLY,PCBV,2FGA,"MACIJAUSKAS, ARVYDAS",OLYMPIACOS PIRAEUS B.C.,7,17,03:00,0,0,,Missed Two Pointer (3/6 -  7 pt)
2007_001_261,2007_001,OLY-BAS,1,REGULAR SEASON,E2007,q2,0,261,BAS,PANB,D,"RAKOCEVIC, IGOR",BASKONIA,8,17,03:00,0,0,,Def Rebound (1)
2007_001_262,2007_001,OLY-BAS,1,REGULAR SEASON,E2007,q2,0,262,BAS,PAFP,3FGA,"PLANINIC, ZORAN",BASKONIA,10,17,03:00,0,0,,Missed Three Pointer (0/2 -  6 pt)
2007_001_263,2007_001,OLY-BAS,1,REGULAR SEASON,E2007,q2,0,263,BAS,PCBY,O,"SPLITTER, TIAGO",BASKONIA,21,17,03:00,0,0,,Off Rebound (4)
2007_001_265,2007_001,OLY-BAS,1,REGULAR SEASON,E2007,q2,0,265,BAS,PCBY,2FGA,"SPLITTER, TIAGO",BASKONIA,21,17,03:00,0,0,,Missed Two Pointer (4/6 -  9 pt)
2007_001_266,2007_001,OLY-BAS,1,REGULAR SEASON,E2007,q2,0,266,OLY,PTFW,D,"TSAKALIDIS, JAKE",OLYMPIACOS PIRAEUS B.C.,10,17,03:00,0,0,,Def Rebound (1)
2007_001_267,2007_001,OLY-BAS,1,REGULAR SEASON,E2007,q2,0,267,OLY,PCRR,TO,"GREER, LYNN TERENCE",OLYMPIACOS PIRAEUS B.C.,11,17,03:00,0,0,,Turnover (1)
2007_001_268,2007_001,OLY-BAS,1,REGULAR SEASON,E2007,q2,0,268,OLY,PTFW,OUT,"TSAKALIDIS, JAKE",OLYMPIACOS PIRAEUS B.C.,10,17,03:00,0,0,,Out
2007_001_269,2007_001,OLY-BAS,1,REGULAR SEASON,E2007,q2,0,269,OLY,P000126,IN,"JACKSON, MARC",OLYMPIACOS PIRAEUS B.C.,25,17,03:00,0,0,,In
2007_001_270,2007_001,OLY-BAS,1,REGULAR SEASON,E2007,q2,0,270,BAS,PANB,3FGM,"RAKOCEVIC, IGOR",BASKONIA,8,17,03:00,46,34,,Three Pointer (2/2 -  6 pt)
2007_001_271,2007_001,OLY-BAS,1,REGULAR SEASON,E2007,q2,0,271,BAS,PCBX,AS,"PRIGIONI, PABLO",BASKONIA,5,17,03:00,0,0,,Assist (3)
2007_001_273,2007_001,OLY-BAS,1,REGULAR SEASON,E2007,q2,0,273,OLY,P000126,2FGM,"JACKSON, MARC",OLYMPIACOS PIRAEUS B.C.,25,18,02:00,48,34,,Two Pointer (4/9 -  15 pt)
2007_001_274,2007_001,OLY-BAS,1,REGULAR SEASON,E2007,q2,0,274,BAS,PCBX,3FGM,"PRIGIONI, PABLO",BASKONIA,5,18,02:00,48,37,,Three Pointer (2/4 -  6 pt)
2007_001_275,2007_001,OLY-BAS,1,REGULAR SEASON,E2007,q2,0,275,BAS,PAFP,AS,"PLANINIC, ZORAN",BASKONIA,10,18,02:00,0,0,,Assist (1)
2007_001_276,2007_001,OLY-BAS,1,REGULAR SEASON,E2007,q2,0,276,OLY,PCRR,3FGM,"GREER, LYNN TERENCE",OLYMPIACOS PIRAEUS B.C.,11,18,02:00,51,37,,Three Pointer (1/2 -  15 pt)
2007_001_277,2007_001,OLY-BAS,1,REGULAR SEASON,E2007,q2,0,277,BAS,PAFP,2FGAB,"PLANINIC, ZORAN",BASKONIA,10,18,02:00,0,0,,Missed Two Pointer (3/6 -  6 pt)
2007_001_278,2007_001,OLY-BAS,1,REGULAR SEASON,E2007,q2,0,278,BAS,PAFP,AG,"PLANINIC, ZORAN",BASKONIA,10,18,02:00,0,0,,Shot Rejected (1)
2007_001_279,2007_001,OLY-BAS,1,REGULAR SEASON,E2007,q2,0,279,BAS,PCBY,O,"SPLITTER, TIAGO",BASKONIA,21,18,02:00,0,0,,Off Rebound (5)
2007_001_280,2007_001,OLY-BAS,1,REGULAR SEASON,E2007,q2,0,280,BAS,PCBY,RV,"SPLITTER, TIAGO",BASKONIA,21,18,02:00,0,0,,Foul Drawn (2)
2007_001_281,2007_001,OLY-BAS,1,REGULAR SEASON,E2007,q2,0,281,OLY,PAQU,FV,"BOUROUSIS, IOANNIS",OLYMPIACOS PIRAEUS B.C.,9,18,02:00,0,0,,Block (2)
2007_001_282,2007_001,OLY-BAS,1,REGULAR SEASON,E2007,q2,0,282,OLY,PJDR,CM,"TEODOSIC, MILOS",OLYMPIACOS PIRAEUS B.C.,18,18,02:00,0,0,,Foul (1)
2007_001_283,2007_001,OLY-BAS,1,REGULAR SEASON,E2007,q2,0,283,OLY,PBFY,IN,"BLAKNEY, RODERICK",OLYMPIACOS PIRAEUS B.C.,4,18,02:00,0,0,,In
2007_001_284,2007_001,OLY-BAS,1,REGULAR SEASON,E2007,q2,0,284,OLY,PCRR,OUT,"GREER, LYNN TERENCE",OLYMPIACOS PIRAEUS B.C.,11,18,02:00,0,0,,Out
2007_001_286,2007_001,OLY-BAS,1,REGULAR SEASON,E2007,q2,0,286,BAS,PCBX,3FGA,"PRIGIONI, PABLO",BASKONIA,5,19,01:00,0,0,,Missed Three Pointer (2/5 -  6 pt)
2007_001_287,2007_001,OLY-BAS,1,REGULAR SEASON,E2007,q2,0,287,OLY,PAQU,D,"BOUROUSIS, IOANNIS",OLYMPIACOS PIRAEUS B.C.,9,19,01:00,0,0,,Def Rebound (7)
2007_001_288,2007_001,OLY-BAS,1,REGULAR SEASON,E2007,q2,0,288,OLY,PJDR,3FGA,"TEODOSIC, MILOS",OLYMPIACOS PIRAEUS B.C.,18,19,01:00,0,0,,Missed Three Pointer (0/1 -  0 pt)
2007_001_289,2007_001,OLY-BAS,1,REGULAR SEASON,E2007,q2,0,289,BAS,PAFP,D,"PLANINIC, ZORAN",BASKONIA,10,19,01:00,0,0,,Def Rebound (1)
2007_001_291,2007_001,OLY-BAS,1,REGULAR SEASON,E2007,q2,0,291,BAS,PCBX,3FGA,"PRIGIONI, PABLO",BASKONIA,5,19,01:00,0,0,,Missed Three Pointer (2/6 -  6 pt)
2007_001_292,2007_001,OLY-BAS,1,REGULAR SEASON,E2007,q2,0,292,OLY,PBFY,D,"BLAKNEY, RODERICK",OLYMPIACOS PIRAEUS B.C.,4,19,01:00,0,0,,Def Rebound (1)
2007_001_294,2007_001,OLY-BAS,1,REGULAR SEASON,E2007,q2,0,294,OLY,PJDR,2FGM,"TEODOSIC, MILOS",OLYMPIACOS PIRAEUS B.C.,18,20,00:00,53,37,,Two Pointer (1/1 -  2 pt)
2007_001_295,2007_001,OLY-BAS,1,REGULAR SEASON,E2007,q2,0,295,OLY,P000126,AS,"JACKSON, MARC",OLYMPIACOS PIRAEUS B.C.,25,20,00:00,0,0,,Assist (2)
2007_001_297,2007_001,OLY-BAS,1,REGULAR SEASON,E2007,q2,0,297,BAS,PANB,CMU,"RAKOCEVIC, IGOR",BASKONIA,8,20,00:00,0,0,,Unsportsmanlike Foul  (1)
2007_001_298,2007_001,OLY-BAS,1,REGULAR SEASON,E2007,q2,0,298,BAS,PANB,TO,"RAKOCEVIC, IGOR",BASKONIA,8,20,00:00,0,0,,Turnover (2)
2007_001_299,2007_001,OLY-BAS,1,REGULAR SEASON,E2007,q2,0,299,OLY,PCBV,ST,"MACIJAUSKAS, ARVYDAS",OLYMPIACOS PIRAEUS B.C.,7,20,00:00,0,0,,Steal (5)
2007_001_300,2007_001,OLY-BAS,1,REGULAR SEASON,E2007,q2,0,300,OLY,PCBV,RV,"MACIJAUSKAS, ARVYDAS",OLYMPIACOS PIRAEUS B.C.,7,20,00:00,0,0,,Foul Drawn (2)
2007_001_301,2007_001,OLY-BAS,1,REGULAR SEASON,E2007,q2,0,301,OLY,PCBV,FTM,"MACIJAUSKAS, ARVYDAS",OLYMPIACOS PIRAEUS B.C.,7,20,00:00,54,37,,Free Throw In (2/3 -  8 pt)
2007_001_302,2007_001,OLY-BAS,1,REGULAR SEASON,E2007,q2,0,302,OLY,PCBV,FTM,"MACIJAUSKAS, ARVYDAS",OLYMPIACOS PIRAEUS B.C.,7,20,00:00,55,37,,Free Throw In (3/4 -  9 pt)
2007_001_303,2007_001,OLY-BAS,1,REGULAR SEASON,E2007,q2,0,303,OLY,PBFY,OUT,"BLAKNEY, RODERICK",OLYMPIACOS PIRAEUS B.C.,4,20,00:00,0,0,,Out
2007_001_304,2007_001,OLY-BAS,1,REGULAR SEASON,E2007,q2,0,304,OLY,PCRR,IN,"GREER, LYNN TERENCE",OLYMPIACOS PIRAEUS B.C.,11,20,00:00,0,0,,In
2007_001_305,2007_001,OLY-BAS,1,REGULAR SEASON,E2007,q2,0,305,OLY,PCRR,2FGA,"GREER, LYNN TERENCE",OLYMPIACOS PIRAEUS B.C.,11,20,00:00,0,0,,Missed Two Pointer (3/6 -  15 pt)
2007_001_306,2007_001,OLY-BAS,1,REGULAR SEASON,E2007,q2,0,306,BAS,PANB,D,"RAKOCEVIC, IGOR",BASKONIA,8,20,00:00,0,0,,Def Rebound (2)
2007_001_307,2007_001,OLY-BAS,1,REGULAR SEASON,E2007,q2,0,307,BAS,PAFP,2FGA,"PLANINIC, ZORAN",BASKONIA,10,20,00:00,0,0,,Missed Two Pointer (3/7 -  6 pt)
2007_001_308,2007_001,OLY-BAS,1,REGULAR SEASON,E2007,q2,0,308,BAS,PJZJ,TO,"TELETOVIC, MIRZA",BASKONIA,12,20,00:00,0,0,,Turnover (2)
2007_001_309,2007_001,OLY-BAS,1,REGULAR SEASON,E2007,q2,0,309,BAS,PJZJ,O,"TELETOVIC, MIRZA",BASKONIA,12,20,00:00,0,0,,Off Rebound (8)
2007_001_310,2007_001,OLY-BAS,1,REGULAR SEASON,E2007,q2,0,310,BAS,PCBX,OUT,"PRIGIONI, PABLO",BASKONIA,5,20,00:00,0,0,,Out
2007_001_311,2007_001,OLY-BAS,1,REGULAR SEASON,E2007,q2,0,311,BAS,PAJK,IN,"VIDAL, SERGI",BASKONIA,9,20,00:00,0,0,,In
2007_001_312,2007_001,OLY-BAS,1,REGULAR SEASON,E2007,q2,0,312,BAS,PAFP,OUT,"PLANINIC, ZORAN",BASKONIA,10,20,00:00,0,0,,Out
2007_001_313,2007_001,OLY-BAS,1,REGULAR SEASON,E2007,q2,0,313,BAS,PCBY,OUT,"SPLITTER, TIAGO",BASKONIA,21,20,00:00,0,0,,Out
2007_001_314,2007_001,OLY-BAS,1,REGULAR SEASON,E2007,q2,0,314,BAS,PJWO,IN,"MICKEAL, PETE",BASKONIA,33,20,00:00,0,0,,In
2007_001_315,2007_001,OLY-BAS,1,REGULAR SEASON,E2007,q2,0,315,BAS,PJTT,IN,"MCDONALD, WILL",BASKONIA,45,20,00:00,0,0,,In
2007_001_316,2007_001,OLY-BAS,1,REGULAR SEASON,E2007,q2,0,316,OLY,PTFV,IN,"WOODS, QYNTEL",OLYMPIACOS PIRAEUS B.C.,6,20,00:00,0,0,,In
2007_001_317,2007_001,OLY-BAS,1,REGULAR SEASON,E2007,q2,0,317,OLY,PAQU,OUT,"BOUROUSIS, IOANNIS",OLYMPIACOS PIRAEUS B.C.,9,20,00:00,0,0,,Out
2007_001_318,2007_001,OLY-BAS,1,REGULAR SEASON,E2007,q2,0,318,OLY,PCRR,2FGA,"GREER, LYNN TERENCE",OLYMPIACOS PIRAEUS B.C.,11,20,00:00,0,0,,Missed Two Pointer (3/7 -  15 pt)
2007_001_319,2007_001,OLY-BAS,1,REGULAR SEASON,E2007,q2,0,319,BAS,PJTT,D,"MCDONALD, WILL",BASKONIA,45,20,00:00,0,0,,Def Rebound (1)
2007_001_321,2007_001,OLY-BAS,1,REGULAR SEASON,E2007,q2,0,321,,,EP,,,,21,,0,0,,End Period
2007_001_322,2007_001,OLY-BAS,1,REGULAR SEASON,E2007,q3,0,322,OLY,PAQU,IN,"BOUROUSIS, IOANNIS",OLYMPIACOS PIRAEUS B.C.,9,21,09:00,0,0,,In
2007_001_323,2007_001,OLY-BAS,1,REGULAR SEASON,E2007,q3,0,323,OLY,PJDR,OUT,"TEODOSIC, MILOS",OLYMPIACOS PIRAEUS B.C.,18,21,09:00,0,0,,Out
2007_001_324,2007_001,OLY-BAS,1,REGULAR SEASON,E2007,q3,0,324,BAS,PCBX,IN,"PRIGIONI, PABLO",BASKONIA,5,21,09:00,0,0,,In
2007_001_325,2007_001,OLY-BAS,1,REGULAR SEASON,E2007,q3,0,325,BAS,PANB,OUT,"RAKOCEVIC, IGOR",BASKONIA,8,21,09:00,0,0,,Out
2007_001_326,2007_001,OLY-BAS,1,REGULAR SEASON,E2007,q3,0,326,BAS,PAFP,IN,"PLANINIC, ZORAN",BASKONIA,10,21,09:00,0,0,,In
2007_001_327,2007_001,OLY-BAS,1,REGULAR SEASON,E2007,q3,0,327,BAS,PCBY,IN,"SPLITTER, TIAGO",BASKONIA,21,21,09:00,0,0,,In
2007_001_328,2007_001,OLY-BAS,1,REGULAR SEASON,E2007,q3,0,328,BAS,PJWO,OUT,"MICKEAL, PETE",BASKONIA,33,21,09:00,0,0,,Out
2007_001_329,2007_001,OLY-BAS,1,REGULAR SEASON,E2007,q3,0,329,BAS,PJTT,OUT,"MCDONALD, WILL",BASKONIA,45,21,09:00,0,0,,Out
2007_001_330,2007_001,OLY-BAS,1,REGULAR SEASON,E2007,q3,0,330,BAS,PAFP,RV,"PLANINIC, ZORAN",BASKONIA,10,21,09:00,0,0,,Foul Drawn (1)
2007_001_331,2007_001,OLY-BAS,1,REGULAR SEASON,E2007,q3,0,331,OLY,PCRR,CM,"GREER, LYNN TERENCE",OLYMPIACOS PIRAEUS B.C.,11,21,09:00,0,0,,Foul (1)
2007_001_332,2007_001,OLY-BAS,1,REGULAR SEASON,E2007,q3,0,332,BAS,PCBY,TO,"SPLITTER, TIAGO",BASKONIA,21,21,09:00,0,0,,Turnover (2)
2007_001_333,2007_001,OLY-BAS,1,REGULAR SEASON,E2007,q3,0,333,OLY,PCBV,ST,"MACIJAUSKAS, ARVYDAS",OLYMPIACOS PIRAEUS B.C.,7,21,09:00,0,0,,Steal (6)
2007_001_334,2007_001,OLY-BAS,1,REGULAR SEASON,E2007,q3,0,334,OLY,P000126,3FGM,"JACKSON, MARC",OLYMPIACOS PIRAEUS B.C.,25,21,09:00,58,37,,Three Pointer (2/2 -  18 pt)
2007_001_335,2007_001,OLY-BAS,1,REGULAR SEASON,E2007,q3,0,335,OLY,PCBV,AS,"MACIJAUSKAS, ARVYDAS",OLYMPIACOS PIRAEUS B.C.,7,21,09:00,0,0,,Assist (3)
2007_001_336,2007_001,OLY-BAS,1,REGULAR SEASON,E2007,q3,0,336,BAS,PCBX,3FGA,"PRIGIONI, PABLO",BASKONIA,5,21,09:00,0,0,,Missed Three Pointer (2/7 -  6 pt)
2007_001_337,2007_001,OLY-BAS,1,REGULAR SEASON,E2007,q3,0,337,BAS,PJZJ,O,"TELETOVIC, MIRZA",BASKONIA,12,21,09:00,0,0,,Off Rebound (9)
2007_001_338,2007_001,OLY-BAS,1,REGULAR SEASON,E2007,q3,0,338,BAS,PJZJ,2FGM,"TELETOVIC, MIRZA",BASKONIA,12,21,09:00,58,39,,Two Pointer (3/9 -  9 pt)
2007_001_340,2007_001,OLY-BAS,1,REGULAR SEASON,E2007,q3,0,340,OLY,P000126,2FGA,"JACKSON, MARC",OLYMPIACOS PIRAEUS B.C.,25,22,08:00,0,0,,Missed Two Pointer (4/10 -  18 pt)
2007_001_341,2007_001,OLY-BAS,1,REGULAR SEASON,E2007,q3,0,341,BAS,PJZJ,D,"TELETOVIC, MIRZA",BASKONIA,12,22,08:00,0,0,,Def Rebound (3)
2007_001_342,2007_001,OLY-BAS,1,REGULAR SEASON,E2007,q3,0,342,BAS,PCBX,TO,"PRIGIONI, PABLO",BASKONIA,5,22,08:00,0,0,,Turnover (2)
2007_001_343,2007_001,OLY-BAS,1,REGULAR SEASON,E2007,q3,0,343,BAS,PCBY,OUT,"SPLITTER, TIAGO",BASKONIA,21,22,08:00,0,0,,Out
2007_001_344,2007_001,OLY-BAS,1,REGULAR SEASON,E2007,q3,0,344,BAS,PJTT,IN,"MCDONALD, WILL",BASKONIA,45,22,08:00,0,0,,In
2007_001_345,2007_001,OLY-BAS,1,REGULAR SEASON,E2007,q3,0,345,OLY,PCRR,3FGA,"GREER, LYNN TERENCE",OLYMPIACOS PIRAEUS B.C.,11,22,08:00,0,0,,Missed Three Pointer (1/3 -  15 pt)
2007_001_346,2007_001,OLY-BAS,1,REGULAR SEASON,E2007,q3,0,346,BAS,PCBX,D,"PRIGIONI, PABLO",BASKONIA,5,22,08:00,0,0,,Def Rebound (2)
2007_001_347,2007_001,OLY-BAS,1,REGULAR SEASON,E2007,q3,0,347,BAS,PAFP,3FGM,"PLANINIC, ZORAN",BASKONIA,10,22,08:00,58,42,,Three Pointer (1/3 -  9 pt)
2007_001_348,2007_001,OLY-BAS,1,REGULAR SEASON,E2007,q3,0,348,BAS,PCBX,AS,"PRIGIONI, PABLO",BASKONIA,5,22,08:00,0,0,,Assist (4)
2007_001_349,2007_001,OLY-BAS,1,REGULAR SEASON,E2007,q3,0,349,OLY,PTFV,2FGM,"WOODS, QYNTEL",OLYMPIACOS PIRAEUS B.C.,6,22,08:00,60,42,,Two Pointer (2/3 -  10 pt)
2007_001_352,2007_001,OLY-BAS,1,REGULAR SEASON,E2007,q3,0,352,BAS,PJZJ,3FGM,"TELETOVIC, MIRZA",BASKONIA,12,22,08:00,60,45,,Three Pointer (2/4 -  12 pt)
2007_001_353,2007_001,OLY-BAS,1,REGULAR SEASON,E2007,q3,0,353,BAS,PAJK,AS,"VIDAL, SERGI",BASKONIA,9,22,08:00,0,0,,Assist (1)
2007_001_354,2007_001,OLY-BAS,1,REGULAR SEASON,E2007,q3,0,354,BAS,PCBX,ST,"PRIGIONI, PABLO",BASKONIA,5,22,08:00,0,0,,Steal (1)
2007_001_355,2007_001,OLY-BAS,1,REGULAR SEASON,E2007,q3,0,355,OLY,PCBV,TO,"MACIJAUSKAS, ARVYDAS",OLYMPIACOS PIRAEUS B.C.,7,22,08:00,0,0,,Turnover (1)
2007_001_356,2007_001,OLY-BAS,1,REGULAR SEASON,E2007,q3,0,356,OLY,PAQU,CM,"BOUROUSIS, IOANNIS",OLYMPIACOS PIRAEUS B.C.,9,22,08:00,0,0,,Foul (1)
2007_001_357,2007_001,OLY-BAS,1,REGULAR SEASON,E2007,q3,0,357,BAS,PAJK,AS,"VIDAL, SERGI",BASKONIA,9,22,08:00,0,0,,Assist (2)
2007_001_358,2007_001,OLY-BAS,1,REGULAR SEASON,E2007,q3,0,358,BAS,PJTT,2FGM,"MCDONALD, WILL",BASKONIA,45,22,08:00,60,47,,Two Pointer (2/3 -  4 pt)
2007_001_359,2007_001,OLY-BAS,1,REGULAR SEASON,E2007,q3,0,359,BAS,PJTT,RV,"MCDONALD, WILL",BASKONIA,45,22,08:00,0,0,,Foul Drawn (1)
2007_001_361,2007_001,OLY-BAS,1,REGULAR SEASON,E2007,q3,0,361,BAS,PJTT,FTM,"MCDONALD, WILL",BASKONIA,45,23,07:00,60,48,,Free Throw In (1/1 -  5 pt)
2007_001_362,2007_001,OLY-BAS,1,REGULAR SEASON,E2007,q3,0,362,OLY,PCBV,TO,"MACIJAUSKAS, ARVYDAS",OLYMPIACOS PIRAEUS B.C.,7,23,07:00,0,0,,Turnover (2)
2007_001_363,2007_001,OLY-BAS,1,REGULAR SEASON,E2007,q3,0,363,OLY,PCBV,OF,"MACIJAUSKAS, ARVYDAS",OLYMPIACOS PIRAEUS B.C.,7,23,07:00,0,0,,Offensive Foul (1)
2007_001_364,2007_001,OLY-BAS,1,REGULAR SEASON,E2007,q3,0,364,BAS,PAFP,RV,"PLANINIC, ZORAN",BASKONIA,10,23,07:00,0,0,,Foul Drawn (2)
2007_001_365,2007_001,OLY-BAS,1,REGULAR SEASON,E2007,q3,0,365,BAS,PAFP,2FGM,"PLANINIC, ZORAN",BASKONIA,10,23,07:00,60,50,,Two Pointer (4/8 -  11 pt)
2007_001_367,2007_001,OLY-BAS,1,REGULAR SEASON,E2007,q3,0,367,OLY,P000126,2FGA,"JACKSON, MARC",OLYMPIACOS PIRAEUS B.C.,25,24,06:00,0,0,,Missed Two Pointer (4/11 -  18 pt)
2007_001_368,2007_001,OLY-BAS,1,REGULAR SEASON,E2007,q3,0,368,BAS,PJZJ,D,"TELETOVIC, MIRZA",BASKONIA,12,24,06:00,0,0,,Def Rebound (4)
2007_001_369,2007_001,OLY-BAS,1,REGULAR SEASON,E2007,q3,0,369,BAS,PJTT,2FGM,"MCDONALD, WILL",BASKONIA,45,24,06:00,60,52,,Two Pointer (3/4 -  7 pt)
2007_001_370,2007_001,OLY-BAS,1,REGULAR SEASON,E2007,q3,0,370,BAS,PCBX,AS,"PRIGIONI, PABLO",BASKONIA,5,24,06:00,0,0,,Assist (5)
2007_001_371,2007_001,OLY-BAS,1,REGULAR SEASON,E2007,q3,0,371,BAS,PCBX,CM,"PRIGIONI, PABLO",BASKONIA,5,24,06:00,0,0,,Foul (3)
2007_001_372,2007_001,OLY-BAS,1,REGULAR SEASON,E2007,q3,0,372,OLY,PCRR,RV,"GREER, LYNN TERENCE",OLYMPIACOS PIRAEUS B.C.,11,24,06:00,0,0,,Foul Drawn (5)
2007_001_373,2007_001,OLY-BAS,1,REGULAR SEASON,E2007,q3,0,373,OLY,PCBV,OUT,"MACIJAUSKAS, ARVYDAS",OLYMPIACOS PIRAEUS B.C.,7,24,06:00,0,0,,Out
2007_001_374,2007_001,OLY-BAS,1,REGULAR SEASON,E2007,q3,0,374,OLY,PALG,IN,"VASILIADIS, KOSTAS",OLYMPIACOS PIRAEUS B.C.,14,24,06:00,0,0,,In
2007_001_376,2007_001,OLY-BAS,1,REGULAR SEASON,E2007,q3,0,376,OLY,P000126,2FGM,"JACKSON, MARC",OLYMPIACOS PIRAEUS B.C.,25,25,05:00,62,52,,Two Pointer (5/12 -  20 pt)
2007_001_377,2007_001,OLY-BAS,1,REGULAR SEASON,E2007,q3,0,377,OLY,P000126,RV,"JACKSON, MARC",OLYMPIACOS PIRAEUS B.C.,25,25,05:00,0,0,,Foul Drawn (3)
2007_001_378,2007_001,OLY-BAS,1,REGULAR SEASON,E2007,q3,0,378,BAS,PJTT,CM,"MCDONALD, WILL",BASKONIA,45,25,05:00,0,0,,Foul (3)
2007_001_379,2007_001,OLY-BAS,1,REGULAR SEASON,E2007,q3,0,379,OLY,P000126,FTM,"JACKSON, MARC",OLYMPIACOS PIRAEUS B.C.,25,25,05:00,63,52,,Free Throw In (5/5 -  21 pt)
2007_001_380,2007_001,OLY-BAS,1,REGULAR SEASON,E2007,q3,0,380,BAS,PAFP,3FGM,"PLANINIC, ZORAN",BASKONIA,10,25,05:00,63,55,,Three Pointer (2/4 -  14 pt)
2007_001_381,2007_001,OLY-BAS,1,REGULAR SEASON,E2007,q3,0,381,BAS,PAJK,AS,"VIDAL, SERGI",BASKONIA,9,25,05:00,0,0,,Assist (3)
2007_001_382,2007_001,OLY-BAS,1,REGULAR SEASON,E2007,q3,0,382,OLY,PAQU,3FGA,"BOUROUSIS, IOANNIS",OLYMPIACOS PIRAEUS B.C.,9,25,05:00,0,0,,Missed Three Pointer (1/2 -  6 pt)
2007_001_383,2007_001,OLY-BAS,1,REGULAR SEASON,E2007,q3,0,383,BAS,PCBX,D,"PRIGIONI, PABLO",BASKONIA,5,25,05:00,0,0,,Def Rebound (3)
2007_001_384,2007_001,OLY-BAS,1,REGULAR SEASON,E2007,q3,0,384,BAS,PJZJ,RV,"TELETOVIC, MIRZA",BASKONIA,12,25,05:00,0,0,,Foul Drawn (2)
2007_001_385,2007_001,OLY-BAS,1,REGULAR SEASON,E2007,q3,0,385,OLY,PCRR,CM,"GREER, LYNN TERENCE",OLYMPIACOS PIRAEUS B.C.,11,25,05:00,0,0,,Foul (2)
2007_001_386,2007_001,OLY-BAS,1,REGULAR SEASON,E2007,q3,0,386,BAS,PJZJ,FTM,"TELETOVIC, MIRZA",BASKONIA,12,25,05:00,63,56,,Free Throw In (1/1 -  13 pt)
2007_001_387,2007_001,OLY-BAS,1,REGULAR SEASON,E2007,q3,0,387,BAS,PJZJ,FTM,"TELETOVIC, MIRZA",BASKONIA,12,25,05:00,63,57,,Free Throw In (2/2 -  14 pt)
2007_001_388,2007_001,OLY-BAS,1,REGULAR SEASON,E2007,q3,0,388,OLY,PALG,OUT,"VASILIADIS, KOSTAS",OLYMPIACOS PIRAEUS B.C.,14,25,05:00,0,0,,Out
2007_001_389,2007_001,OLY-BAS,1,REGULAR SEASON,E2007,q3,0,389,OLY,PAMM,IN,"PRINTEZIS, GEORGIOS",OLYMPIACOS PIRAEUS B.C.,16,25,05:00,0,0,,In
2007_001_390,2007_001,OLY-BAS,1,REGULAR SEASON,E2007,q3,0,390,OLY,PJDR,IN,"TEODOSIC, MILOS",OLYMPIACOS PIRAEUS B.C.,18,25,05:00,0,0,,In
2007_001_391,2007_001,OLY-BAS,1,REGULAR SEASON,E2007,q3,0,391,OLY,P000126,OUT,"JACKSON, MARC",OLYMPIACOS PIRAEUS B.C.,25,25,05:00,0,0,,Out
2007_001_392,2007_001,OLY-BAS,1,REGULAR SEASON,E2007,q3,0,392,OLY,PTFV,2FGA,"WOODS, QYNTEL",OLYMPIACOS PIRAEUS B.C.,6,25,05:00,0,0,,Missed Two Pointer (2/4 -  10 pt)
2007_001_393,2007_001,OLY-BAS,1,REGULAR SEASON,E2007,q3,0,393,BAS,PCBX,D,"PRIGIONI, PABLO",BASKONIA,5,25,05:00,0,0,,Def Rebound (4)
2007_001_394,2007_001,OLY-BAS,1,REGULAR SEASON,E2007,q3,0,394,BAS,PCBX,RV,"PRIGIONI, PABLO",BASKONIA,5,25,05:00,0,0,,Foul Drawn (1)
2007_001_395,2007_001,OLY-BAS,1,REGULAR SEASON,E2007,q3,0,395,OLY,PAQU,CM,"BOUROUSIS, IOANNIS",OLYMPIACOS PIRAEUS B.C.,9,25,05:00,0,0,,Foul (2)
2007_001_396,2007_001,OLY-BAS,1,REGULAR SEASON,E2007,q3,0,396,BAS,PCBX,FTM,"PRIGIONI, PABLO",BASKONIA,5,25,05:00,63,58,,Free Throw In (1/1 -  7 pt)
2007_001_397,2007_001,OLY-BAS,1,REGULAR SEASON,E2007,q3,0,397,BAS,PCBX,FTM,"PRIGIONI, PABLO",BASKONIA,5,25,05:00,63,59,,Free Throw In (2/2 -  8 pt)
2007_001_399,2007_001,OLY-BAS,1,REGULAR SEASON,E2007,q3,0,399,OLY,PAQU,OUT,"BOUROUSIS, IOANNIS",OLYMPIACOS PIRAEUS B.C.,9,26,04:00,0,0,,Out
2007_001_400,2007_001,OLY-BAS,1,REGULAR SEASON,E2007,q3,0,400,OLY,P000126,IN,"JACKSON, MARC",OLYMPIACOS PIRAEUS B.C.,25,26,04:00,0,0,,In
2007_001_402,2007_001,OLY-BAS,1,REGULAR SEASON,E2007,q3,0,402,OLY,PCRR,3FGA,"GREER, LYNN TERENCE",OLYMPIACOS PIRAEUS B.C.,11,26,04:00,0,0,,Missed Three Pointer (1/4 -  15 pt)
2007_001_403,2007_001,OLY-BAS,1,REGULAR SEASON,E2007,q3,0,403,BAS,PAFP,D,"PLANINIC, ZORAN",BASKONIA,10,26,04:00,0,0,,Def Rebound (2)
2007_001_404,2007_001,OLY-BAS,1,REGULAR SEASON,E2007,q3,0,404,BAS,PAFP,3FGM,"PLANINIC, ZORAN",BASKONIA,10,26,04:00,63,62,,Three Pointer (3/5 -  17 pt)
2007_001_406,2007_001,OLY-BAS,1,REGULAR SEASON,E2007,q3,0,406,OLY,PAMM,2FGM,"PRINTEZIS, GEORGIOS",OLYMPIACOS PIRAEUS B.C.,16,27,03:00,65,62,,Two Pointer (1/1 -  2 pt)
2007_001_407,2007_001,OLY-BAS,1,REGULAR SEASON,E2007,q3,0,407,OLY,PCRR,AS,"GREER, LYNN TERENCE",OLYMPIACOS PIRAEUS B.C.,11,27,03:00,0,0,,Assist (3)
2007_001_408,2007_001,OLY-BAS,1,REGULAR SEASON,E2007,q3,0,408,BAS,PAFP,3FGA,"PLANINIC, ZORAN",BASKONIA,10,27,03:00,0,0,,Missed Three Pointer (3/6 -  17 pt)
2007_001_409,2007_001,OLY-BAS,1,REGULAR SEASON,E2007,q3,0,409,OLY,,D,,OLYMPIACOS PIRAEUS B.C.,,27,03:00,0,0,,Def Rebound (2)
2007_001_410,2007_001,OLY-BAS,1,REGULAR SEASON,E2007,q3,0,410,BAS,PANB,IN,"RAKOCEVIC, IGOR",BASKONIA,8,27,03:00,0,0,,In
2007_001_411,2007_001,OLY-BAS,1,REGULAR SEASON,E2007,q3,0,411,BAS,PAFP,OUT,"PLANINIC, ZORAN",BASKONIA,10,27,03:00,0,0,,Out
2007_001_412,2007_001,OLY-BAS,1,REGULAR SEASON,E2007,q3,0,412,OLY,PAMM,2FGA,"PRINTEZIS, GEORGIOS",OLYMPIACOS PIRAEUS B.C.,16,27,03:00,0,0,,Missed Two Pointer (1/2 -  2 pt)
2007_001_413,2007_001,OLY-BAS,1,REGULAR SEASON,E2007,q3,0,413,BAS,PANB,D,"RAKOCEVIC, IGOR",BASKONIA,8,27,03:00,0,0,,Def Rebound (3)
2007_001_414,2007_001,OLY-BAS,1,REGULAR SEASON,E2007,q3,0,414,BAS,PAJK,RV,"VIDAL, SERGI",BASKONIA,9,27,03:00,0,0,,Foul Drawn (3)
2007_001_416,2007_001,OLY-BAS,1,REGULAR SEASON,E2007,q3,0,416,OLY,PAMM,D,"PRINTEZIS, GEORGIOS",OLYMPIACOS PIRAEUS B.C.,16,27,03:00,0,0,,Def Rebound (2)
2007_001_417,2007_001,OLY-BAS,1,REGULAR SEASON,E2007,q3,0,417,BAS,PAJK,FTA,"VIDAL, SERGI",BASKONIA,9,27,03:00,0,0,,Missed Free Throw (1/3 -  1 pt)
2007_001_418,2007_001,OLY-BAS,1,REGULAR SEASON,E2007,q3,0,418,BAS,PAJK,FTM,"VIDAL, SERGI",BASKONIA,9,27,03:00,65,63,,Free Throw In (2/4 -  2 pt)
2007_001_420,2007_001,OLY-BAS,1,REGULAR SEASON,E2007,q3,0,420,OLY,PTFV,2FGA,"WOODS, QYNTEL",OLYMPIACOS PIRAEUS B.C.,6,28,02:00,0,0,,Missed Two Pointer (2/5 -  10 pt)
2007_001_421,2007_001,OLY-BAS,1,REGULAR SEASON,E2007,q3,0,421,BAS,PAJK,D,"VIDAL, SERGI",BASKONIA,9,28,02:00,0,0,,Def Rebound (1)
2007_001_422,2007_001,OLY-BAS,1,REGULAR SEASON,E2007,q3,0,422,BAS,PJZJ,3FGA,"TELETOVIC, MIRZA",BASKONIA,12,28,02:00,0,0,,Missed Three Pointer (2/5 -  14 pt)
2007_001_423,2007_001,OLY-BAS,1,REGULAR SEASON,E2007,q3,0,423,OLY,PAMM,D,"PRINTEZIS, GEORGIOS",OLYMPIACOS PIRAEUS B.C.,16,28,02:00,0,0,,Def Rebound (3)
2007_001_424,2007_001,OLY-BAS,1,REGULAR SEASON,E2007,q3,0,424,OLY,PAMM,2FGA,"PRINTEZIS, GEORGIOS",OLYMPIACOS PIRAEUS B.C.,16,28,02:00,0,0,,Missed Two Pointer (1/3 -  2 pt)
2007_001_425,2007_001,OLY-BAS,1,REGULAR SEASON,E2007,q3,0,425,BAS,PJZJ,D,"TELETOVIC, MIRZA",BASKONIA,12,28,02:00,0,0,,Def Rebound (5)
2007_001_426,2007_001,OLY-BAS,1,REGULAR SEASON,E2007,q3,0,426,BAS,PANB,2FGM,"RAKOCEVIC, IGOR",BASKONIA,8,28,02:00,65,65,,Two Pointer (1/7 -  8 pt)
2007_001_428,2007_001,OLY-BAS,1,REGULAR SEASON,E2007,q3,0,428,BAS,PANB,CM,"RAKOCEVIC, IGOR",BASKONIA,8,29,01:00,0,0,,Foul (2)
2007_001_429,2007_001,OLY-BAS,1,REGULAR SEASON,E2007,q3,0,429,OLY,PJDR,RV,"TEODOSIC, MILOS",OLYMPIACOS PIRAEUS B.C.,18,29,01:00,0,0,,Foul Drawn (1)
2007_001_430,2007_001,OLY-BAS,1,REGULAR SEASON,E2007,q3,0,430,OLY,PCBV,IN,"MACIJAUSKAS, ARVYDAS",OLYMPIACOS PIRAEUS B.C.,7,29,01:00,0,0,,In
2007_001_431,2007_001,OLY-BAS,1,REGULAR SEASON,E2007,q3,0,431,OLY,PAQU,IN,"BOUROUSIS, IOANNIS",OLYMPIACOS PIRAEUS B.C.,9,29,01:00,0,0,,In
2007_001_432,2007_001,OLY-BAS,1,REGULAR SEASON,E2007,q3,0,432,OLY,PCRR,OUT,"GREER, LYNN TERENCE",OLYMPIACOS PIRAEUS B.C.,11,29,01:00,0,0,,Out
2007_001_433,2007_001,OLY-BAS,1,REGULAR SEASON,E2007,q3,0,433,OLY,PAMM,OUT,"PRINTEZIS, GEORGIOS",OLYMPIACOS PIRAEUS B.C.,16,29,01:00,0,0,,Out
2007_001_434,2007_001,OLY-BAS,1,REGULAR SEASON,E2007,q3,0,434,BAS,PAJK,OUT,"VIDAL, SERGI",BASKONIA,9,29,01:00,0,0,,Out
2007_001_435,2007_001,OLY-BAS,1,REGULAR SEASON,E2007,q3,0,435,BAS,PJZJ,OUT,"TELETOVIC, MIRZA",BASKONIA,12,29,01:00,0,0,,Out
2007_001_436,2007_001,OLY-BAS,1,REGULAR SEASON,E2007,q3,0,436,BAS,PCBY,IN,"SPLITTER, TIAGO",BASKONIA,21,29,01:00,0,0,,In
2007_001_437,2007_001,OLY-BAS,1,REGULAR SEASON,E2007,q3,0,437,BAS,PJWO,IN,"MICKEAL, PETE",BASKONIA,33,29,01:00,0,0,,In
2007_001_438,2007_001,OLY-BAS,1,REGULAR SEASON,E2007,q3,0,438,OLY,PTFV,TO,"WOODS, QYNTEL",OLYMPIACOS PIRAEUS B.C.,6,29,01:00,0,0,,Turnover (3)
2007_001_439,2007_001,OLY-BAS,1,REGULAR SEASON,E2007,q3,0,439,BAS,PANB,2FGAB,"RAKOCEVIC, IGOR",BASKONIA,8,29,01:00,0,0,,Missed Two Pointer (1/8 -  8 pt)
2007_001_440,2007_001,OLY-BAS,1,REGULAR SEASON,E2007,q3,0,440,BAS,PANB,AG,"RAKOCEVIC, IGOR",BASKONIA,8,29,01:00,0,0,,Shot Rejected (2)
2007_001_441,2007_001,OLY-BAS,1,REGULAR SEASON,E2007,q3,0,441,OLY,PCBV,FV,"MACIJAUSKAS, ARVYDAS",OLYMPIACOS PIRAEUS B.C.,7,29,01:00,0,0,,Block (1)
2007_001_442,2007_001,OLY-BAS,1,REGULAR SEASON,E2007,q3,0,442,OLY,PAQU,D,"BOUROUSIS, IOANNIS",OLYMPIACOS PIRAEUS B.C.,9,29,01:00,0,0,,Def Rebound (8)
2007_001_443,2007_001,OLY-BAS,1,REGULAR SEASON,E2007,q3,0,443,OLY,PTFV,2FGM,"WOODS, QYNTEL",OLYMPIACOS PIRAEUS B.C.,6,29,01:00,67,65,,Two Pointer (3/6 -  12 pt)
2007_001_445,2007_001,OLY-BAS,1,REGULAR SEASON,E2007,q3,0,445,BAS,PJWO,TO,"MICKEAL, PETE",BASKONIA,33,30,00:00,0,0,,Turnover (2)
2007_001_446,2007_001,OLY-BAS,1,REGULAR SEASON,E2007,q3,0,446,BAS,PCBX,OUT,"PRIGIONI, PABLO",BASKONIA,5,30,00:00,0,0,,Out
2007_001_447,2007_001,OLY-BAS,1,REGULAR SEASON,E2007,q3,0,447,BAS,PAFP,IN,"PLANINIC, ZORAN",BASKONIA,10,30,00:00,0,0,,In
2007_001_448,2007_001,OLY-BAS,1,REGULAR SEASON,E2007,q3,0,448,OLY,PCBV,3FGM,"MACIJAUSKAS, ARVYDAS",OLYMPIACOS PIRAEUS B.C.,7,30,00:00,70,65,,Three Pointer (1/2 -  12 pt)
2007_001_449,2007_001,OLY-BAS,1,REGULAR SEASON,E2007,q3,0,449,OLY,PJDR,AS,"TEODOSIC, MILOS",OLYMPIACOS PIRAEUS B.C.,18,30,00:00,0,0,,Assist (1)
2007_001_450,2007_001,OLY-BAS,1,REGULAR SEASON,E2007,q3,0,450,BAS,PANB,3FGA,"RAKOCEVIC, IGOR",BASKONIA,8,30,00:00,0,0,,Missed Three Pointer (2/3 -  8 pt)
2007_001_452,2007_001,OLY-BAS,1,REGULAR SEASON,E2007,q3,0,452,,,EP,,,,31,,0,0,,End Period
2007_001_454,2007_001,OLY-BAS,1,REGULAR SEASON,E2007,q3,0,454,OLY,PAMM,CM,"PRINTEZIS, GEORGIOS",OLYMPIACOS PIRAEUS B.C.,16,30,00:00,0,0,,Foul (1)
2007_001_455,2007_001,OLY-BAS,1,REGULAR SEASON,E2007,q4,0,455,BAS,PJZJ,IN,"TELETOVIC, MIRZA",BASKONIA,12,31,09:00,0,0,,In
2007_001_456,2007_001,OLY-BAS,1,REGULAR SEASON,E2007,q4,0,456,BAS,PJTT,OUT,"MCDONALD, WILL",BASKONIA,45,31,09:00,0,0,,Out
2007_001_457,2007_001,OLY-BAS,1,REGULAR SEASON,E2007,q4,0,457,BAS,PANB,2FGM,"RAKOCEVIC, IGOR",BASKONIA,8,31,09:00,70,67,,Two Pointer (2/9 -  10 pt)
2007_001_458,2007_001,OLY-BAS,1,REGULAR SEASON,E2007,q4,0,458,BAS,PAFP,2FGM,"PLANINIC, ZORAN",BASKONIA,10,31,09:00,70,69,,Two Pointer (5/9 -  19 pt)
2007_001_459,2007_001,OLY-BAS,1,REGULAR SEASON,E2007,q4,0,459,BAS,PCBY,ST,"SPLITTER, TIAGO",BASKONIA,21,31,09:00,0,0,,Steal (1)
2007_001_460,2007_001,OLY-BAS,1,REGULAR SEASON,E2007,q4,0,460,OLY,PJDR,TO,"TEODOSIC, MILOS",OLYMPIACOS PIRAEUS B.C.,18,31,09:00,0,0,,Turnover (1)
2007_001_461,2007_001,OLY-BAS,1,REGULAR SEASON,E2007,q4,0,461,OLY,PJDR,TO,"TEODOSIC, MILOS",OLYMPIACOS PIRAEUS B.C.,18,31,09:00,0,0,,Turnover (2)
2007_001_462,2007_001,OLY-BAS,1,REGULAR SEASON,E2007,q4,0,462,OLY,PCBV,TO,"MACIJAUSKAS, ARVYDAS",OLYMPIACOS PIRAEUS B.C.,7,31,09:00,0,0,,Turnover (3)
2007_001_463,2007_001,OLY-BAS,1,REGULAR SEASON,E2007,q4,0,463,BAS,PJWO,2FGM,"MICKEAL, PETE",BASKONIA,33,31,09:00,70,71,,Two Pointer (1/2 -  2 pt)
2007_001_464,2007_001,OLY-BAS,1,REGULAR SEASON,E2007,q4,0,464,BAS,PANB,AS,"RAKOCEVIC, IGOR",BASKONIA,8,31,09:00,0,0,,Assist (1)
2007_001_466,2007_001,OLY-BAS,1,REGULAR SEASON,E2007,q4,0,466,OLY,PTFV,RV,"WOODS, QYNTEL",OLYMPIACOS PIRAEUS B.C.,6,32,08:00,0,0,,Foul Drawn (1)
2007_001_467,2007_001,OLY-BAS,1,REGULAR SEASON,E2007,q4,0,467,BAS,PJWO,CM,"MICKEAL, PETE",BASKONIA,33,32,08:00,0,0,,Foul (1)
2007_001_468,2007_001,OLY-BAS,1,REGULAR SEASON,E2007,q4,0,468,OLY,PCRR,IN,"GREER, LYNN TERENCE",OLYMPIACOS PIRAEUS B.C.,11,32,08:00,0,0,,In
2007_001_469,2007_001,OLY-BAS,1,REGULAR SEASON,E2007,q4,0,469,OLY,PJDR,OUT,"TEODOSIC, MILOS",OLYMPIACOS PIRAEUS B.C.,18,32,08:00,0,0,,Out
2007_001_470,2007_001,OLY-BAS,1,REGULAR SEASON,E2007,q4,0,470,OLY,PTFV,FTA,"WOODS, QYNTEL",OLYMPIACOS PIRAEUS B.C.,6,32,08:00,0,0,,Missed Free Throw (0/1 -  12 pt)
2007_001_471,2007_001,OLY-BAS,1,REGULAR SEASON,E2007,q4,0,471,OLY,PTFV,FTM,"WOODS, QYNTEL",OLYMPIACOS PIRAEUS B.C.,6,32,08:00,71,71,,Free Throw In (1/2 -  13 pt)
2007_001_472,2007_001,OLY-BAS,1,REGULAR SEASON,E2007,q4,0,472,BAS,PJWO,3FGM,"MICKEAL, PETE",BASKONIA,33,32,08:00,71,74,,Three Pointer (1/2 -  5 pt)
2007_001_473,2007_001,OLY-BAS,1,REGULAR SEASON,E2007,q4,0,473,BAS,PANB,AS,"RAKOCEVIC, IGOR",BASKONIA,8,32,08:00,0,0,,Assist (2)
2007_001_474,2007_001,OLY-BAS,1,REGULAR SEASON,E2007,q4,0,474,OLY,PTFV,2FGM,"WOODS, QYNTEL",OLYMPIACOS PIRAEUS B.C.,6,32,08:00,73,74,,Two Pointer (4/7 -  15 pt)
2007_001_475,2007_001,OLY-BAS,1,REGULAR SEASON,E2007,q4,0,475,OLY,PTFV,RV,"WOODS, QYNTEL",OLYMPIACOS PIRAEUS B.C.,6,32,08:00,0,0,,Foul Drawn (2)
2007_001_476,2007_001,OLY-BAS,1,REGULAR SEASON,E2007,q4,0,476,BAS,PJWO,CM,"MICKEAL, PETE",BASKONIA,33,32,08:00,0,0,,Foul (2)
2007_001_478,2007_001,OLY-BAS,1,REGULAR SEASON,E2007,q4,0,478,OLY,PTFV,FTA,"WOODS, QYNTEL",OLYMPIACOS PIRAEUS B.C.,6,32,08:00,0,0,,Missed Free Throw (1/3 -  15 pt)
2007_001_479,2007_001,OLY-BAS,1,REGULAR SEASON,E2007,q4,0,479,OLY,PAQU,D,"BOUROUSIS, IOANNIS",OLYMPIACOS PIRAEUS B.C.,9,32,08:00,0,0,,Def Rebound (9)
2007_001_480,2007_001,OLY-BAS,1,REGULAR SEASON,E2007,q4,0,480,OLY,PCBV,2FGM,"MACIJAUSKAS, ARVYDAS",OLYMPIACOS PIRAEUS B.C.,7,32,08:00,75,74,,Two Pointer (4/7 -  14 pt)
2007_001_481,2007_001,OLY-BAS,1,REGULAR SEASON,E2007,q4,0,481,BAS,PJZJ,D,"TELETOVIC, MIRZA",BASKONIA,12,32,08:00,0,0,,Def Rebound (6)
2007_001_482,2007_001,OLY-BAS,1,REGULAR SEASON,E2007,q4,0,482,BAS,PANB,2FGA,"RAKOCEVIC, IGOR",BASKONIA,8,32,08:00,0,0,,Missed Two Pointer (2/10 -  10 pt)
2007_001_483,2007_001,OLY-BAS,1,REGULAR SEASON,E2007,q4,0,483,BAS,PJWO,3FGA,"MICKEAL, PETE",BASKONIA,33,32,08:00,0,0,,Missed Three Pointer (1/3 -  5 pt)
2007_001_484,2007_001,OLY-BAS,1,REGULAR SEASON,E2007,q4,0,484,BAS,PANB,ST,"RAKOCEVIC, IGOR",BASKONIA,8,32,08:00,0,0,,Steal (1)
2007_001_485,2007_001,OLY-BAS,1,REGULAR SEASON,E2007,q4,0,485,BAS,PJWO,RV,"MICKEAL, PETE",BASKONIA,33,32,08:00,0,0,,Foul Drawn (1)
2007_001_487,2007_001,OLY-BAS,1,REGULAR SEASON,E2007,q4,0,487,OLY,PCBV,D,"MACIJAUSKAS, ARVYDAS",OLYMPIACOS PIRAEUS B.C.,7,33,07:00,0,0,,Def Rebound (2)
2007_001_488,2007_001,OLY-BAS,1,REGULAR SEASON,E2007,q4,0,488,OLY,PCBV,TO,"MACIJAUSKAS, ARVYDAS",OLYMPIACOS PIRAEUS B.C.,7,33,07:00,0,0,,Turnover (4)
2007_001_489,2007_001,OLY-BAS,1,REGULAR SEASON,E2007,q4,0,489,OLY,PCRR,CM,"GREER, LYNN TERENCE",OLYMPIACOS PIRAEUS B.C.,11,33,07:00,0,0,,Foul (3)
2007_001_490,2007_001,OLY-BAS,1,REGULAR SEASON,E2007,q4,0,490,BAS,PJWO,FTM,"MICKEAL, PETE",BASKONIA,33,33,07:00,75,75,,Free Throw In (1/1 -  6 pt)
2007_001_491,2007_001,OLY-BAS,1,REGULAR SEASON,E2007,q4,0,491,OLY,PTFV,2FGM,"WOODS, QYNTEL",OLYMPIACOS PIRAEUS B.C.,6,33,07:00,77,75,,Two Pointer (5/8 -  17 pt)
2007_001_492,2007_001,OLY-BAS,1,REGULAR SEASON,E2007,q4,0,492,BAS,PCBY,2FGM,"SPLITTER, TIAGO",BASKONIA,21,33,07:00,77,77,,Two Pointer (5/7 -  11 pt)
2007_001_493,2007_001,OLY-BAS,1,REGULAR SEASON,E2007,q4,0,493,BAS,PANB,AS,"RAKOCEVIC, IGOR",BASKONIA,8,33,07:00,0,0,,Assist (3)
2007_001_494,2007_001,OLY-BAS,1,REGULAR SEASON,E2007,q4,0,494,BAS,PJWO,FTM,"MICKEAL, PETE",BASKONIA,33,33,07:00,77,78,,Free Throw In (2/2 -  7 pt)
2007_001_496,2007_001,OLY-BAS,1,REGULAR SEASON,E2007,q4,0,496,BAS,PAFP,D,"PLANINIC, ZORAN",BASKONIA,10,34,06:00,0,0,,Def Rebound (3)
2007_001_497,2007_001,OLY-BAS,1,REGULAR SEASON,E2007,q4,0,497,BAS,PJZJ,TO,"TELETOVIC, MIRZA",BASKONIA,12,34,06:00,0,0,,Turnover (3)
2007_001_498,2007_001,OLY-BAS,1,REGULAR SEASON,E2007,q4,0,498,OLY,PAQU,2FGA,"BOUROUSIS, IOANNIS",OLYMPIACOS PIRAEUS B.C.,9,34,06:00,0,0,,Missed Two Pointer (1/3 -  6 pt)
2007_001_499,2007_001,OLY-BAS,1,REGULAR SEASON,E2007,q4,0,499,OLY,PCRR,D,"GREER, LYNN TERENCE",OLYMPIACOS PIRAEUS B.C.,11,34,06:00,0,0,,Def Rebound (2)
2007_001_500,2007_001,OLY-BAS,1,REGULAR SEASON,E2007,q4,0,500,BAS,PJWO,CM,"MICKEAL, PETE",BASKONIA,33,34,06:00,0,0,,Foul (3)
2007_001_501,2007_001,OLY-BAS,1,REGULAR SEASON,E2007,q4,0,501,OLY,P000126,2FGA,"JACKSON, MARC",OLYMPIACOS PIRAEUS B.C.,25,34,06:00,0,0,,Missed Two Pointer (5/13 -  21 pt)
2007_001_502,2007_001,OLY-BAS,1,REGULAR SEASON,E2007,q4,0,502,OLY,PAQU,O,"BOUROUSIS, IOANNIS",OLYMPIACOS PIRAEUS B.C.,9,34,06:00,0,0,,Off Rebound (1)
2007_001_503,2007_001,OLY-BAS,1,REGULAR SEASON,E2007,q4,0,503,OLY,PAQU,RV,"BOUROUSIS, IOANNIS",OLYMPIACOS PIRAEUS B.C.,9,34,06:00,0,0,,Foul Drawn (4)
2007_001_504,2007_001,OLY-BAS,1,REGULAR SEASON,E2007,q4,0,504,OLY,PAQU,FTM,"BOUROUSIS, IOANNIS",OLYMPIACOS PIRAEUS B.C.,9,34,06:00,78,78,,Free Throw In (2/2 -  7 pt)
2007_001_505,2007_001,OLY-BAS,1,REGULAR SEASON,E2007,q4,0,505,OLY,PAQU,FTM,"BOUROUSIS, IOANNIS",OLYMPIACOS PIRAEUS B.C.,9,34,06:00,79,78,,Free Throw In (3/3 -  8 pt)
2007_001_507,2007_001,OLY-BAS,1,REGULAR SEASON,E2007,q4,0,507,BAS,PANB,3FGA,"RAKOCEVIC, IGOR",BASKONIA,8,35,05:00,0,0,,Missed Three Pointer (2/4 -  10 pt)
2007_001_508,2007_001,OLY-BAS,1,REGULAR SEASON,E2007,q4,0,508,OLY,,D,,OLYMPIACOS PIRAEUS B.C.,,35,05:00,0,0,,Def Rebound (3)
2007_001_509,2007_001,OLY-BAS,1,REGULAR SEASON,E2007,q4,0,509,OLY,PCBV,2FGM,"MACIJAUSKAS, ARVYDAS",OLYMPIACOS PIRAEUS B.C.,7,35,05:00,81,78,,Two Pointer (5/8 -  16 pt)
2007_001_510,2007_001,OLY-BAS,1,REGULAR SEASON,E2007,q4,0,510,OLY,P000126,AS,"JACKSON, MARC",OLYMPIACOS PIRAEUS B.C.,25,35,05:00,0,0,,Assist (3)
2007_001_511,2007_001,OLY-BAS,1,REGULAR SEASON,E2007,q4,0,511,BAS,PCBX,IN,"PRIGIONI, PABLO",BASKONIA,5,35,05:00,0,0,,In
2007_001_512,2007_001,OLY-BAS,1,REGULAR SEASON,E2007,q4,0,512,BAS,PANB,OUT,"RAKOCEVIC, IGOR",BASKONIA,8,35,05:00,0,0,,Out
2007_001_513,2007_001,OLY-BAS,1,REGULAR SEASON,E2007,q4,0,513,BAS,PCBY,OUT,"SPLITTER, TIAGO",BASKONIA,21,35,05:00,0,0,,Out
2007_001_514,2007_001,OLY-BAS,1,REGULAR SEASON,E2007,q4,0,514,BAS,PJTT,IN,"MCDONALD, WILL",BASKONIA,45,35,05:00,0,0,,In
2007_001_515,2007_001,OLY-BAS,1,REGULAR SEASON,E2007,q4,0,515,OLY,PAMM,IN,"PRINTEZIS, GEORGIOS",OLYMPIACOS PIRAEUS B.C.,16,35,05:00,0,0,,In
2007_001_516,2007_001,OLY-BAS,1,REGULAR SEASON,E2007,q4,0,516,OLY,P000126,OUT,"JACKSON, MARC",OLYMPIACOS PIRAEUS B.C.,25,35,05:00,0,0,,Out
2007_001_517,2007_001,OLY-BAS,1,REGULAR SEASON,E2007,q4,0,517,BAS,PJWO,2FGM,"MICKEAL, PETE",BASKONIA,33,35,05:00,81,80,,Two Pointer (2/3 -  9 pt)
2007_001_519,2007_001,OLY-BAS,1,REGULAR SEASON,E2007,q4,0,519,OLY,PCRR,2FGA,"GREER, LYNN TERENCE",OLYMPIACOS PIRAEUS B.C.,11,36,04:00,0,0,,Missed Two Pointer (3/8 -  15 pt)
2007_001_520,2007_001,OLY-BAS,1,REGULAR SEASON,E2007,q4,0,520,OLY,PCRR,O,"GREER, LYNN TERENCE",OLYMPIACOS PIRAEUS B.C.,11,36,04:00,0,0,,Off Rebound (2)
2007_001_521,2007_001,OLY-BAS,1,REGULAR SEASON,E2007,q4,0,521,OLY,PTFV,2FGM,"WOODS, QYNTEL",OLYMPIACOS PIRAEUS B.C.,6,36,04:00,83,80,,Two Pointer (6/9 -  19 pt)
2007_001_522,2007_001,OLY-BAS,1,REGULAR SEASON,E2007,q4,0,522,OLY,PCRR,AS,"GREER, LYNN TERENCE",OLYMPIACOS PIRAEUS B.C.,11,36,04:00,0,0,,Assist (4)
2007_001_523,2007_001,OLY-BAS,1,REGULAR SEASON,E2007,q4,0,523,BAS,PAFP,3FGA,"PLANINIC, ZORAN",BASKONIA,10,36,04:00,0,0,,Missed Three Pointer (3/7 -  19 pt)
2007_001_524,2007_001,OLY-BAS,1,REGULAR SEASON,E2007,q4,0,524,OLY,PTFV,D,"WOODS, QYNTEL",OLYMPIACOS PIRAEUS B.C.,6,36,04:00,0,0,,Def Rebound (3)
2007_001_525,2007_001,OLY-BAS,1,REGULAR SEASON,E2007,q4,0,525,OLY,PAQU,2FGM,"BOUROUSIS, IOANNIS",OLYMPIACOS PIRAEUS B.C.,9,36,04:00,85,80,,Two Pointer (2/4 -  10 pt)
2007_001_526,2007_001,OLY-BAS,1,REGULAR SEASON,E2007,q4,0,526,OLY,PTFV,AS,"WOODS, QYNTEL",OLYMPIACOS PIRAEUS B.C.,6,36,04:00,0,0,,Assist (2)
2007_001_528,2007_001,OLY-BAS,1,REGULAR SEASON,E2007,q4,0,528,BAS,PJTT,2FGA,"MCDONALD, WILL",BASKONIA,45,37,03:00,0,0,,Missed Two Pointer (3/5 -  7 pt)
2007_001_529,2007_001,OLY-BAS,1,REGULAR SEASON,E2007,q4,0,529,OLY,PAMM,D,"PRINTEZIS, GEORGIOS",OLYMPIACOS PIRAEUS B.C.,16,37,03:00,0,0,,Def Rebound (4)
2007_001_530,2007_001,OLY-BAS,1,REGULAR SEASON,E2007,q4,0,530,OLY,PCRR,3FGM,"GREER, LYNN TERENCE",OLYMPIACOS PIRAEUS B.C.,11,37,03:00,88,80,,Three Pointer (2/5 -  18 pt)
2007_001_531,2007_001,OLY-BAS,1,REGULAR SEASON,E2007,q4,0,531,BAS,PCBX,3FGA,"PRIGIONI, PABLO",BASKONIA,5,37,03:00,0,0,,Missed Three Pointer (2/8 -  8 pt)
2007_001_532,2007_001,OLY-BAS,1,REGULAR SEASON,E2007,q4,0,532,OLY,PAQU,D,"BOUROUSIS, IOANNIS",OLYMPIACOS PIRAEUS B.C.,9,37,03:00,0,0,,Def Rebound (10)
2007_001_533,2007_001,OLY-BAS,1,REGULAR SEASON,E2007,q4,0,533,OLY,PAQU,3FGA,"BOUROUSIS, IOANNIS",OLYMPIACOS PIRAEUS B.C.,9,37,03:00,0,0,,Missed Three Pointer (1/3 -  10 pt)
2007_001_534,2007_001,OLY-BAS,1,REGULAR SEASON,E2007,q4,0,534,BAS,PJZJ,D,"TELETOVIC, MIRZA",BASKONIA,12,37,03:00,0,0,,Def Rebound (7)
2007_001_536,2007_001,OLY-BAS,1,REGULAR SEASON,E2007,q4,0,536,BAS,PAFP,3FGA,"PLANINIC, ZORAN",BASKONIA,10,38,02:00,0,0,,Missed Three Pointer (3/8 -  19 pt)
2007_001_537,2007_001,OLY-BAS,1,REGULAR SEASON,E2007,q4,0,537,BAS,PJTT,O,"MCDONALD, WILL",BASKONIA,45,38,02:00,0,0,,Off Rebound (1)
2007_001_538,2007_001,OLY-BAS,1,REGULAR SEASON,E2007,q4,0,538,BAS,PJZJ,2FGM,"TELETOVIC, MIRZA",BASKONIA,12,38,02:00,88,82,,Two Pointer (4/10 -  16 pt)
2007_001_539,2007_001,OLY-BAS,1,REGULAR SEASON,E2007,q4,0,539,OLY,PAQU,3FGA,"BOUROUSIS, IOANNIS",OLYMPIACOS PIRAEUS B.C.,9,38,02:00,0,0,,Missed Three Pointer (1/4 -  10 pt)
2007_001_540,2007_001,OLY-BAS,1,REGULAR SEASON,E2007,q4,0,540,BAS,PAFP,D,"PLANINIC, ZORAN",BASKONIA,10,38,02:00,0,0,,Def Rebound (4)
2007_001_541,2007_001,OLY-BAS,1,REGULAR SEASON,E2007,q4,0,541,BAS,PJWO,CM,"MICKEAL, PETE",BASKONIA,33,38,02:00,0,0,,Foul (4)
2007_001_542,2007_001,OLY-BAS,1,REGULAR SEASON,E2007,q4,0,542,BAS,PAFP,TO,"PLANINIC, ZORAN",BASKONIA,10,38,02:00,0,0,,Turnover (1)
2007_001_543,2007_001,OLY-BAS,1,REGULAR SEASON,E2007,q4,0,543,OLY,PCBV,ST,"MACIJAUSKAS, ARVYDAS",OLYMPIACOS PIRAEUS B.C.,7,38,02:00,0,0,,Steal (7)
2007_001_544,2007_001,OLY-BAS,1,REGULAR SEASON,E2007,q4,0,544,OLY,PCBV,RV,"MACIJAUSKAS, ARVYDAS",OLYMPIACOS PIRAEUS B.C.,7,38,02:00,0,0,,Foul Drawn (3)
2007_001_545,2007_001,OLY-BAS,1,REGULAR SEASON,E2007,q4,0,545,OLY,PAQU,OUT,"BOUROUSIS, IOANNIS",OLYMPIACOS PIRAEUS B.C.,9,38,02:00,0,0,,Out
2007_001_546,2007_001,OLY-BAS,1,REGULAR SEASON,E2007,q4,0,546,OLY,P000126,IN,"JACKSON, MARC",OLYMPIACOS PIRAEUS B.C.,25,38,02:00,0,0,,In
2007_001_547,2007_001,OLY-BAS,1,REGULAR SEASON,E2007,q4,0,547,BAS,PAJK,IN,"VIDAL, SERGI",BASKONIA,9,38,02:00,0,0,,In
2007_001_548,2007_001,OLY-BAS,1,REGULAR SEASON,E2007,q4,0,548,BAS,PJWO,OUT,"MICKEAL, PETE",BASKONIA,33,38,02:00,0,0,,Out
2007_001_550,2007_001,OLY-BAS,1,REGULAR SEASON,E2007,q4,0,550,OLY,P000126,TO,"JACKSON, MARC",OLYMPIACOS PIRAEUS B.C.,25,39,01:00,0,0,,Turnover (1)
2007_001_551,2007_001,OLY-BAS,1,REGULAR SEASON,E2007,q4,0,551,OLY,P000126,CM,"JACKSON, MARC",OLYMPIACOS PIRAEUS B.C.,25,39,01:00,0,0,,Foul (1)
2007_001_552,2007_001,OLY-BAS,1,REGULAR SEASON,E2007,q4,0,552,BAS,PJTT,ST,"MCDONALD, WILL",BASKONIA,45,39,01:00,0,0,,Steal (1)
2007_001_553,2007_001,OLY-BAS,1,REGULAR SEASON,E2007,q4,0,553,BAS,PJTT,RV,"MCDONALD, WILL",BASKONIA,45,39,01:00,0,0,,Foul Drawn (2)
2007_001_554,2007_001,OLY-BAS,1,REGULAR SEASON,E2007,q4,0,554,BAS,PAJK,3FGM,"VIDAL, SERGI",BASKONIA,9,39,01:00,88,85,,Three Pointer (1/1 -  5 pt)
2007_001_555,2007_001,OLY-BAS,1,REGULAR SEASON,E2007,q4,0,555,BAS,PAFP,AS,"PLANINIC, ZORAN",BASKONIA,10,39,01:00,0,0,,Assist (2)
2007_001_556,2007_001,OLY-BAS,1,REGULAR SEASON,E2007,q4,0,556,OLY,PCRR,2FGA,"GREER, LYNN TERENCE",OLYMPIACOS PIRAEUS B.C.,11,39,01:00,0,0,,Missed Two Pointer (3/9 -  18 pt)
2007_001_557,2007_001,OLY-BAS,1,REGULAR SEASON,E2007,q4,0,557,BAS,PJZJ,D,"TELETOVIC, MIRZA",BASKONIA,12,39,01:00,0,0,,Def Rebound (8)
