game_point_id,game_id,game,round,phase,season_code,number_of_play,team,player_id,player,action_id,action,points,coord_x,coord_y,zone,fastbreak,second_chance,points_off_turnover,minute,console,points_a,points_b,timestamp
2007_001_002,2007_001,OLY-BAS,1,REGULAR SEASON,E2007,2,BAS,PCBX,PRIGIONI_ PABLO,3FGM,Three Pointer,3,515,479,G,None,None,None,1,09:00,0,3,1970-01-01
2007_001_004,2007_001,OLY-BAS,1,REGULAR SEASON,E2007,4,OLY,PTFV,WOODS_ QYNTEL,2FGA,Missed Two Pointer,0,-2,451,I,None,None,None,1,09:00,0,3,1970-01-01
2007_001_008,2007_001,OLY-BAS,1,REGULAR SEASON,E2007,8,OLY,PCBV,MACIJAUSKAS_ ARVYDAS,2FGM,Two Pointer,2,-33,17,D,None,None,None,1,09:00,2,3,1970-01-01
2007_001_010,2007_001,OLY-BAS,1,REGULAR SEASON,E2007,10,BAS,PCBY,SPLITTER_ TIAGO,2FGM,Two Pointer,2,17,33,C,None,None,None,2,08:00,2,5,1970-01-01
2007_001_012,2007_001,OLY-BAS,1,REGULAR SEASON,E2007,12,OLY,P000126,JACKSON_ MARC,2FGA,Missed Two Pointer,0,43,76,C,None,None,None,2,08:00,2,5,1970-01-01
2007_001_014,2007_001,OLY-BAS,1,REGULAR SEASON,E2007,14,BAS,PANB,RAKOCEVIC_ IGOR,2FGA,Missed Two Pointer,0,-5,12,D,None,None,None,2,08:00,2,5,1970-01-01
2007_001_016,2007_001,OLY-BAS,1,REGULAR SEASON,E2007,16,OLY,P000126,JACKSON_ MARC,2FGAB,Missed Two Pointer,0,-17,41,D,None,None,None,2,08:00,2,5,1970-01-01
2007_001_022,2007_001,OLY-BAS,1,REGULAR SEASON,E2007,22,OLY,PCBV,MACIJAUSKAS_ ARVYDAS,2FGM,Two Pointer,2,-5,48,D,None,None,None,2,08:00,4,5,1970-01-01
2007_001_025,2007_001,OLY-BAS,1,REGULAR SEASON,E2007,25,BAS,PCBX,PRIGIONI_ PABLO,3FGA,Missed Three Pointer,0,10,676,G,None,None,None,3,07:00,4,5,1970-01-01
2007_001_027,2007_001,OLY-BAS,1,REGULAR SEASON,E2007,27,OLY,P000126,JACKSON_ MARC,2FGM,Two Pointer,2,15,61,C,None,None,None,3,07:00,6,5,1970-01-01
2007_001_032,2007_001,OLY-BAS,1,REGULAR SEASON,E2007,32,OLY,PAQU,BOUROUSIS_ IOANNIS,2FGA,Missed Two Pointer,0,-397,212,E,None,None,None,4,06:00,6,5,1970-01-01
2007_001_034,2007_001,OLY-BAS,1,REGULAR SEASON,E2007,34,OLY,PCRR,GREER_ LYNN TERENCE,3FGA,Missed Three Pointer,0,-43,689,J,None,None,None,4,06:00,6,5,1970-01-01
2007_001_035,2007_001,OLY-BAS,1,REGULAR SEASON,E2007,35,BAS,PANB,RAKOCEVIC_ IGOR,3FGM,Three Pointer,3,592,323,A,None,None,None,4,06:00,6,8,1970-01-01
2007_001_036,2007_001,OLY-BAS,1,REGULAR SEASON,E2007,36,OLY,PCBV,MACIJAUSKAS_ ARVYDAS,2FGA,Missed Two Pointer,0,-17,469,I,None,None,None,4,06:00,6,8,1970-01-01
2007_001_038,2007_001,OLY-BAS,1,REGULAR SEASON,E2007,38,OLY,PTFV,WOODS_ QYNTEL,3FGA,Missed Three Pointer,0,471,533,G,None,None,None,4,06:00,6,8,1970-01-01
2007_001_045,2007_001,OLY-BAS,1,REGULAR SEASON,E2007,45,OLY,PCBV,MACIJAUSKAS_ ARVYDAS,2FGM,Two Pointer,2,-402,189,E,None,None,None,5,05:00,8,8,1970-01-01
2007_001_048,2007_001,OLY-BAS,1,REGULAR SEASON,E2007,48,BAS,PANB,RAKOCEVIC_ IGOR,2FGA,Missed Two Pointer,0,-294,264,E,None,None,None,5,05:00,8,8,1970-01-01
2007_001_050,2007_001,OLY-BAS,1,REGULAR SEASON,E2007,50,OLY,PCRR,GREER_ LYNN TERENCE,2FGA,Missed Two Pointer,0,302,289,B,None,None,None,5,05:00,8,8,1970-01-01
2007_001_051,2007_001,OLY-BAS,1,REGULAR SEASON,E2007,51,BAS,PJZJ,TELETOVIC_ MIRZA,3FGM,Three Pointer,3,-551,423,F,None,None,None,5,05:00,8,11,1970-01-01
2007_001_053,2007_001,OLY-BAS,1,REGULAR SEASON,E2007,53,OLY,PTFV,WOODS_ QYNTEL,3FGM,Three Pointer,3,17,669,G,None,None,None,5,05:00,11,11,1970-01-01
2007_001_056,2007_001,OLY-BAS,1,REGULAR SEASON,E2007,56,BAS,PJZJ,TELETOVIC_ MIRZA,2FGA,Missed Two Pointer,0,0,479,I,None,None,None,6,04:00,11,11,1970-01-01
2007_001_058,2007_001,OLY-BAS,1,REGULAR SEASON,E2007,58,BAS,PCBY,SPLITTER_ TIAGO,2FGAB,Missed Two Pointer,0,38,41,C,None,None,None,6,04:00,11,11,1970-01-01
2007_001_061,2007_001,OLY-BAS,1,REGULAR SEASON,E2007,61,BAS,PJWO,MICKEAL_ PETE,3FGA,Missed Three Pointer,0,-479,482,J,None,None,None,6,04:00,11,11,1970-01-01
2007_001_063,2007_001,OLY-BAS,1,REGULAR SEASON,E2007,63,BAS,PCBY,SPLITTER_ TIAGO,2FGM,Two Pointer,2,-10,456,I,None,None,None,6,04:00,11,13,1970-01-01
2007_001_065,2007_001,OLY-BAS,1,REGULAR SEASON,E2007,65,OLY,PCRR,GREER_ LYNN TERENCE,2FGM,Two Pointer,2,353,207,B,None,None,None,6,04:00,13,13,1970-01-01
2007_001_066,2007_001,OLY-BAS,1,REGULAR SEASON,E2007,66,BAS,PJZJ,TELETOVIC_ MIRZA,3FGA,Missed Three Pointer,0,628,276,A,None,None,None,6,04:00,13,13,1970-01-01
2007_001_072,2007_001,OLY-BAS,1,REGULAR SEASON,E2007,72,OLY,PCBV,MACIJAUSKAS_ ARVYDAS,2FGA,Missed Two Pointer,0,-402,46,E,None,None,None,7,03:00,13,13,1970-01-01
2007_001_075,2007_001,OLY-BAS,1,REGULAR SEASON,E2007,75,BAS,PJZJ,TELETOVIC_ MIRZA,2FGA,Missed Two Pointer,0,38,35,C,None,None,None,7,03:00,13,13,1970-01-01
2007_001_076,2007_001,OLY-BAS,1,REGULAR SEASON,E2007,76,BAS,PJZJ,TELETOVIC_ MIRZA,2FGAB,Missed Two Pointer,0,41,23,C,None,None,None,7,03:00,13,13,1970-01-01
2007_001_079,2007_001,OLY-BAS,1,REGULAR SEASON,E2007,79,BAS,PANB,RAKOCEVIC_ IGOR,2FGA,Missed Two Pointer,0,-2,28,D,None,None,None,7,03:00,13,13,1970-01-01
2007_001_081,2007_001,OLY-BAS,1,REGULAR SEASON,E2007,81,BAS,PJZJ,TELETOVIC_ MIRZA,2FGA,Missed Two Pointer,0,20,41,C,None,None,None,7,03:00,13,13,1970-01-01
2007_001_085,2007_001,OLY-BAS,1,REGULAR SEASON,E2007,85,BAS,PJZJ,TELETOVIC_ MIRZA,2FGA,Missed Two Pointer,0,35,25,C,None,None,None,7,03:00,13,13,1970-01-01
2007_001_086,2007_001,OLY-BAS,1,REGULAR SEASON,E2007,86,BAS,PJWO,MICKEAL_ PETE,2FGA,Missed Two Pointer,0,28,41,C,None,None,None,7,03:00,13,13,1970-01-01
2007_001_098,2007_001,OLY-BAS,1,REGULAR SEASON,E2007,98,OLY,PCBV,MACIJAUSKAS_ ARVYDAS,FTM,Free Throw In,1,-1,-1,,None,None,None,8,02:00,14,13,1970-01-01
2007_001_103,2007_001,OLY-BAS,1,REGULAR SEASON,E2007,103,BAS,PCBY,SPLITTER_ TIAGO,FTM,Free Throw In,1,-1,-1,,None,None,None,8,02:00,14,14,1970-01-01
2007_001_112,2007_001,OLY-BAS,1,REGULAR SEASON,E2007,112,OLY,PCRR,GREER_ LYNN TERENCE,FTM,Free Throw In,1,-1,-1,,None,None,None,8,02:00,15,14,1970-01-01
2007_001_113,2007_001,OLY-BAS,1,REGULAR SEASON,E2007,113,OLY,PCRR,GREER_ LYNN TERENCE,FTM,Free Throw In,1,-1,-1,,None,None,None,8,02:00,16,14,1970-01-01
2007_001_118,2007_001,OLY-BAS,1,REGULAR SEASON,E2007,118,BAS,PJZJ,TELETOVIC_ MIRZA,2FGM,Two Pointer,2,35,38,C,None,None,None,8,02:00,16,16,1970-01-01
2007_001_124,2007_001,OLY-BAS,1,REGULAR SEASON,E2007,124,OLY,PCRR,GREER_ LYNN TERENCE,FTM,Free Throw In,1,-1,-1,,None,None,None,9,01:00,17,16,1970-01-01
2007_001_125,2007_001,OLY-BAS,1,REGULAR SEASON,E2007,125,OLY,PCRR,GREER_ LYNN TERENCE,FTM,Free Throw In,1,-1,-1,,None,None,None,9,01:00,18,16,1970-01-01
2007_001_128,2007_001,OLY-BAS,1,REGULAR SEASON,E2007,128,BAS,PANB,RAKOCEVIC_ IGOR,2FGA,Missed Two Pointer,0,20,7,C,None,None,None,9,01:00,18,16,1970-01-01
2007_001_129,2007_001,OLY-BAS,1,REGULAR SEASON,E2007,129,BAS,PANB,RAKOCEVIC_ IGOR,2FGAB,Missed Two Pointer,0,0,33,D,None,None,None,9,01:00,18,16,1970-01-01
2007_001_133,2007_001,OLY-BAS,1,REGULAR SEASON,E2007,133,OLY,PAQU,BOUROUSIS_ IOANNIS,3FGM,Three Pointer,3,12,679,G,None,None,None,9,01:00,21,16,1970-01-01
2007_001_135,2007_001,OLY-BAS,1,REGULAR SEASON,E2007,135,BAS,PAFP,PLANINIC_ ZORAN,2FGA,Missed Two Pointer,0,25,43,C,None,None,None,9,01:00,21,16,1970-01-01
2007_001_137,2007_001,OLY-BAS,1,REGULAR SEASON,E2007,137,BAS,PCBY,SPLITTER_ TIAGO,2FGM,Two Pointer,2,7,28,C,None,None,None,9,01:00,21,18,1970-01-01
2007_001_139,2007_001,OLY-BAS,1,REGULAR SEASON,E2007,139,OLY,P000126,JACKSON_ MARC,3FGM,Three Pointer,3,10,674,G,None,None,None,10,00:00,24,18,1970-01-01
2007_001_142,2007_001,OLY-BAS,1,REGULAR SEASON,E2007,142,BAS,PAFP,PLANINIC_ ZORAN,2FGM,Two Pointer,2,-141,576,I,None,None,None,10,00:00,24,20,1970-01-01
2007_001_143,2007_001,OLY-BAS,1,REGULAR SEASON,E2007,143,OLY,PCRR,GREER_ LYNN TERENCE,2FGA,Missed Two Pointer,0,5,35,C,None,None,None,10,00:00,24,20,1970-01-01
2007_001_149,2007_001,OLY-BAS,1,REGULAR SEASON,E2007,149,OLY,P000126,JACKSON_ MARC,FTM,Free Throw In,1,-1,-1,,None,None,None,10,00:00,25,20,1970-01-01
2007_001_150,2007_001,OLY-BAS,1,REGULAR SEASON,E2007,150,OLY,P000126,JACKSON_ MARC,FTM,Free Throw In,1,-1,-1,,None,None,None,10,00:00,26,20,1970-01-01
2007_001_155,2007_001,OLY-BAS,1,REGULAR SEASON,E2007,155,BAS,PAFP,PLANINIC_ ZORAN,3FGA,Missed Three Pointer,0,-671,-105,F,None,None,None,10,00:00,26,20,1970-01-01
2007_001_167,2007_001,OLY-BAS,1,REGULAR SEASON,E2007,167,OLY,PCRR,GREER_ LYNN TERENCE,2FGM,Two Pointer,2,-38,30,D,None,None,None,11,09:00,28,20,1970-01-01
2007_001_170,2007_001,OLY-BAS,1,REGULAR SEASON,E2007,170,OLY,P000126,JACKSON_ MARC,2FGA,Missed Two Pointer,0,10,48,C,None,None,None,11,09:00,28,20,1970-01-01
2007_001_177,2007_001,OLY-BAS,1,REGULAR SEASON,E2007,177,BAS,PAFP,PLANINIC_ ZORAN,2FGM,Two Pointer,2,138,143,C,None,None,None,12,08:00,28,22,1970-01-01
2007_001_179,2007_001,OLY-BAS,1,REGULAR SEASON,E2007,179,OLY,P000126,JACKSON_ MARC,2FGA,Missed Two Pointer,0,-5,43,D,None,None,None,12,08:00,28,22,1970-01-01
2007_001_181,2007_001,OLY-BAS,1,REGULAR SEASON,E2007,181,OLY,PCBV,MACIJAUSKAS_ ARVYDAS,3FGA,Missed Three Pointer,0,-623,197,F,None,None,None,12,08:00,28,22,1970-01-01
2007_001_183,2007_001,OLY-BAS,1,REGULAR SEASON,E2007,183,OLY,PAQU,BOUROUSIS_ IOANNIS,2FGM,Two Pointer,2,10,48,C,None,None,None,12,08:00,30,22,1970-01-01
2007_001_187,2007_001,OLY-BAS,1,REGULAR SEASON,E2007,187,OLY,PAQU,BOUROUSIS_ IOANNIS,FTM,Free Throw In,1,-1,-1,,None,None,None,12,08:00,31,22,1970-01-01
2007_001_190,2007_001,OLY-BAS,1,REGULAR SEASON,E2007,190,BAS,PAFP,PLANINIC_ ZORAN,2FGM,Two Pointer,2,5,28,C,None,None,None,12,08:00,31,24,1970-01-01
2007_001_192,2007_001,OLY-BAS,1,REGULAR SEASON,E2007,192,OLY,P000126,JACKSON_ MARC,2FGA,Missed Two Pointer,0,-15,525,I,None,None,None,13,07:00,31,24,1970-01-01
2007_001_196,2007_001,OLY-BAS,1,REGULAR SEASON,E2007,196,OLY,PTFV,WOODS_ QYNTEL,2FGM,Two Pointer,2,-7,33,D,None,None,None,13,07:00,33,24,1970-01-01
2007_001_199,2007_001,OLY-BAS,1,REGULAR SEASON,E2007,199,BAS,PAJK,VIDAL_ SERGI,FTM,Free Throw In,1,-1,-1,,None,None,None,13,07:00,33,25,1970-01-01
2007_001_202,2007_001,OLY-BAS,1,REGULAR SEASON,E2007,202,OLY,PTFV,WOODS_ QYNTEL,3FGM,Three Pointer,3,-628,312,F,None,None,None,13,07:00,36,25,1970-01-01
2007_001_204,2007_001,OLY-BAS,1,REGULAR SEASON,E2007,204,BAS,PJTT,MCDONALD_ WILL,2FGM,Two Pointer,2,0,5,D,None,None,None,13,07:00,36,27,1970-01-01
2007_001_207,2007_001,OLY-BAS,1,REGULAR SEASON,E2007,207,OLY,P000126,JACKSON_ MARC,2FGM,Two Pointer,2,7,61,C,None,None,None,14,06:00,38,27,1970-01-01
2007_001_221,2007_001,OLY-BAS,1,REGULAR SEASON,E2007,221,OLY,P000126,JACKSON_ MARC,FTM,Free Throw In,1,-1,-1,,None,None,None,14,06:00,39,27,1970-01-01
2007_001_222,2007_001,OLY-BAS,1,REGULAR SEASON,E2007,222,OLY,P000126,JACKSON_ MARC,FTM,Free Throw In,1,-1,-1,,None,None,None,14,06:00,40,27,1970-01-01
2007_001_225,2007_001,OLY-BAS,1,REGULAR SEASON,E2007,225,BAS,PJTT,MCDONALD_ WILL,2FGAB,Missed Two Pointer,0,30,53,C,None,None,None,14,06:00,40,27,1970-01-01
2007_001_236,2007_001,OLY-BAS,1,REGULAR SEASON,E2007,236,OLY,PCRR,GREER_ LYNN TERENCE,2FGM,Two Pointer,2,-12,48,D,None,None,None,15,05:00,42,27,1970-01-01
2007_001_238,2007_001,OLY-BAS,1,REGULAR SEASON,E2007,238,BAS,PCBX,PRIGIONI_ PABLO,3FGA,Missed Three Pointer,0,-594,335,F,None,None,None,15,05:00,42,27,1970-01-01
2007_001_240,2007_001,OLY-BAS,1,REGULAR SEASON,E2007,240,BAS,PJZJ,TELETOVIC_ MIRZA,3FGA,Missed Three Pointer,0,-664,156,F,None,None,None,15,05:00,42,27,1970-01-01
2007_001_242,2007_001,OLY-BAS,1,REGULAR SEASON,E2007,242,OLY,P000126,JACKSON_ MARC,2FGM,Two Pointer,2,-2,135,D,None,None,None,15,05:00,44,27,1970-01-01
2007_001_243,2007_001,OLY-BAS,1,REGULAR SEASON,E2007,243,BAS,PAFP,PLANINIC_ ZORAN,2FGA,Missed Two Pointer,0,2,46,D,None,None,None,15,05:00,44,27,1970-01-01
2007_001_248,2007_001,OLY-BAS,1,REGULAR SEASON,E2007,248,BAS,PANB,RAKOCEVIC_ IGOR,2FGA,Missed Two Pointer,0,-102,107,D,None,None,None,16,04:00,44,27,1970-01-01
2007_001_250,2007_001,OLY-BAS,1,REGULAR SEASON,E2007,250,BAS,PJZJ,TELETOVIC_ MIRZA,2FGA,Missed Two Pointer,0,7,41,C,None,None,None,16,04:00,44,27,1970-01-01
2007_001_252,2007_001,OLY-BAS,1,REGULAR SEASON,E2007,252,BAS,PJZJ,TELETOVIC_ MIRZA,2FGM,Two Pointer,2,12,2,C,None,None,None,16,04:00,44,29,1970-01-01
2007_001_255,2007_001,OLY-BAS,1,REGULAR SEASON,E2007,255,OLY,PCRR,GREER_ LYNN TERENCE,FTM,Free Throw In,1,-1,-1,,None,None,None,16,04:00,45,29,1970-01-01
2007_001_256,2007_001,OLY-BAS,1,REGULAR SEASON,E2007,256,OLY,PCRR,GREER_ LYNN TERENCE,FTM,Free Throw In,1,-1,-1,,None,None,None,16,04:00,46,29,1970-01-01
2007_001_257,2007_001,OLY-BAS,1,REGULAR SEASON,E2007,257,BAS,PCBY,SPLITTER_ TIAGO,2FGM,Two Pointer,2,-56,82,D,None,None,None,16,04:00,46,31,1970-01-01
2007_001_260,2007_001,OLY-BAS,1,REGULAR SEASON,E2007,260,OLY,PCBV,MACIJAUSKAS_ ARVYDAS,2FGA,Missed Two Pointer,0,-23,356,D,None,None,None,17,03:00,46,31,1970-01-01
2007_001_262,2007_001,OLY-BAS,1,REGULAR SEASON,E2007,262,BAS,PAFP,PLANINIC_ ZORAN,3FGA,Missed Three Pointer,0,-251,633,J,None,None,None,17,03:00,46,31,1970-01-01
2007_001_265,2007_001,OLY-BAS,1,REGULAR SEASON,E2007,265,BAS,PCBY,SPLITTER_ TIAGO,2FGA,Missed Two Pointer,0,-15,448,I,None,None,None,17,03:00,46,31,1970-01-01
2007_001_270,2007_001,OLY-BAS,1,REGULAR SEASON,E2007,270,BAS,PANB,RAKOCEVIC_ IGOR,3FGM,Three Pointer,3,338,571,G,None,None,None,17,03:00,46,34,1970-01-01
2007_001_273,2007_001,OLY-BAS,1,REGULAR SEASON,E2007,273,OLY,P000126,JACKSON_ MARC,2FGM,Two Pointer,2,-25,458,I,None,None,None,18,02:00,48,34,1970-01-01
2007_001_274,2007_001,OLY-BAS,1,REGULAR SEASON,E2007,274,BAS,PCBX,PRIGIONI_ PABLO,3FGM,Three Pointer,3,576,402,A,None,None,None,18,02:00,48,37,1970-01-01
2007_001_276,2007_001,OLY-BAS,1,REGULAR SEASON,E2007,276,OLY,PCRR,GREER_ LYNN TERENCE,3FGM,Three Pointer,3,-266,669,J,None,None,None,18,02:00,51,37,1970-01-01
2007_001_277,2007_001,OLY-BAS,1,REGULAR SEASON,E2007,277,BAS,PAFP,PLANINIC_ ZORAN,2FGAB,Missed Two Pointer,0,0,92,D,None,None,None,18,02:00,51,37,1970-01-01
2007_001_286,2007_001,OLY-BAS,1,REGULAR SEASON,E2007,286,BAS,PCBX,PRIGIONI_ PABLO,3FGA,Missed Three Pointer,0,658,64,A,None,None,None,19,01:00,51,37,1970-01-01
2007_001_288,2007_001,OLY-BAS,1,REGULAR SEASON,E2007,288,OLY,PJDR,TEODOSIC_ MILOS,3FGA,Missed Three Pointer,0,292,643,G,None,None,None,19,01:00,51,37,1970-01-01
2007_001_291,2007_001,OLY-BAS,1,REGULAR SEASON,E2007,291,BAS,PCBX,PRIGIONI_ PABLO,3FGA,Missed Three Pointer,0,356,258,B,None,None,None,19,01:00,51,37,1970-01-01
2007_001_294,2007_001,OLY-BAS,1,REGULAR SEASON,E2007,294,OLY,PJDR,TEODOSIC_ MILOS,2FGM,Two Pointer,2,10,125,C,None,None,None,20,00:00,53,37,1970-01-01
2007_001_301,2007_001,OLY-BAS,1,REGULAR SEASON,E2007,301,OLY,PCBV,MACIJAUSKAS_ ARVYDAS,FTM,Free Throw In,1,-1,-1,,None,None,None,20,00:00,54,37,1970-01-01
2007_001_302,2007_001,OLY-BAS,1,REGULAR SEASON,E2007,302,OLY,PCBV,MACIJAUSKAS_ ARVYDAS,FTM,Free Throw In,1,-1,-1,,None,None,None,20,00:00,55,37,1970-01-01
2007_001_305,2007_001,OLY-BAS,1,REGULAR SEASON,E2007,305,OLY,PCRR,GREER_ LYNN TERENCE,2FGA,Missed Two Pointer,0,-38,51,D,None,None,None,20,00:00,55,37,1970-01-01
2007_001_307,2007_001,OLY-BAS,1,REGULAR SEASON,E2007,307,BAS,PAFP,PLANINIC_ ZORAN,2FGA,Missed Two Pointer,0,-5,48,D,None,None,None,20,00:00,55,37,1970-01-01
2007_001_318,2007_001,OLY-BAS,1,REGULAR SEASON,E2007,318,OLY,PCRR,GREER_ LYNN TERENCE,2FGA,Missed Two Pointer,0,2,79,D,None,None,None,20,00:00,55,37,1970-01-01
2007_001_334,2007_001,OLY-BAS,1,REGULAR SEASON,E2007,334,OLY,P000126,JACKSON_ MARC,3FGM,Three Pointer,3,-51,702,J,None,None,None,21,09:00,58,37,1970-01-01
2007_001_336,2007_001,OLY-BAS,1,REGULAR SEASON,E2007,336,BAS,PCBX,PRIGIONI_ PABLO,3FGA,Missed Three Pointer,0,-292,638,J,None,None,None,21,09:00,58,37,1970-01-01
2007_001_338,2007_001,OLY-BAS,1,REGULAR SEASON,E2007,338,BAS,PJZJ,TELETOVIC_ MIRZA,2FGM,Two Pointer,2,-25,35,D,None,None,None,21,09:00,58,39,1970-01-01
2007_001_340,2007_001,OLY-BAS,1,REGULAR SEASON,E2007,340,OLY,P000126,JACKSON_ MARC,2FGA,Missed Two Pointer,0,292,464,H,None,None,None,22,08:00,58,39,1970-01-01
2007_001_345,2007_001,OLY-BAS,1,REGULAR SEASON,E2007,345,OLY,PCRR,GREER_ LYNN TERENCE,3FGA,Missed Three Pointer,0,-420,535,J,None,None,None,22,08:00,58,39,1970-01-01
2007_001_347,2007_001,OLY-BAS,1,REGULAR SEASON,E2007,347,BAS,PAFP,PLANINIC_ ZORAN,3FGM,Three Pointer,3,-246,646,J,None,None,None,22,08:00,58,42,1970-01-01
2007_001_349,2007_001,OLY-BAS,1,REGULAR SEASON,E2007,349,OLY,PTFV,WOODS_ QYNTEL,2FGM,Two Pointer,2,-351,320,E,None,None,None,22,08:00,60,42,1970-01-01
2007_001_352,2007_001,OLY-BAS,1,REGULAR SEASON,E2007,352,BAS,PJZJ,TELETOVIC_ MIRZA,3FGM,Three Pointer,3,-7,682,J,None,None,None,22,08:00,60,45,1970-01-01
2007_001_358,2007_001,OLY-BAS,1,REGULAR SEASON,E2007,358,BAS,PJTT,MCDONALD_ WILL,2FGM,Two Pointer,2,-30,38,D,None,None,None,22,08:00,60,47,1970-01-01
2007_001_361,2007_001,OLY-BAS,1,REGULAR SEASON,E2007,361,BAS,PJTT,MCDONALD_ WILL,FTM,Free Throw In,1,-1,-1,,None,None,None,23,07:00,60,48,1970-01-01
2007_001_365,2007_001,OLY-BAS,1,REGULAR SEASON,E2007,365,BAS,PAFP,PLANINIC_ ZORAN,2FGM,Two Pointer,2,-28,33,D,None,None,None,23,07:00,60,50,1970-01-01
2007_001_367,2007_001,OLY-BAS,1,REGULAR SEASON,E2007,367,OLY,P000126,JACKSON_ MARC,2FGA,Missed Two Pointer,0,-53,107,D,None,None,None,24,06:00,60,50,1970-01-01
2007_001_369,2007_001,OLY-BAS,1,REGULAR SEASON,E2007,369,BAS,PJTT,MCDONALD_ WILL,2FGM,Two Pointer,2,-33,51,D,None,None,None,24,06:00,60,52,1970-01-01
2007_001_376,2007_001,OLY-BAS,1,REGULAR SEASON,E2007,376,OLY,P000126,JACKSON_ MARC,2FGM,Two Pointer,2,261,428,H,None,None,None,25,05:00,62,52,1970-01-01
2007_001_379,2007_001,OLY-BAS,1,REGULAR SEASON,E2007,379,OLY,P000126,JACKSON_ MARC,FTM,Free Throw In,1,-1,-1,,None,None,None,25,05:00,63,52,1970-01-01
2007_001_380,2007_001,OLY-BAS,1,REGULAR SEASON,E2007,380,BAS,PAFP,PLANINIC_ ZORAN,3FGM,Three Pointer,3,-264,620,J,None,None,None,25,05:00,63,55,1970-01-01
2007_001_382,2007_001,OLY-BAS,1,REGULAR SEASON,E2007,382,OLY,PAQU,BOUROUSIS_ IOANNIS,3FGA,Missed Three Pointer,0,-666,146,F,None,None,None,25,05:00,63,55,1970-01-01
2007_001_386,2007_001,OLY-BAS,1,REGULAR SEASON,E2007,386,BAS,PJZJ,TELETOVIC_ MIRZA,FTM,Free Throw In,1,-1,-1,,None,None,None,25,05:00,63,56,1970-01-01
2007_001_387,2007_001,OLY-BAS,1,REGULAR SEASON,E2007,387,BAS,PJZJ,TELETOVIC_ MIRZA,FTM,Free Throw In,1,-1,-1,,None,None,None,25,05:00,63,57,1970-01-01
2007_001_392,2007_001,OLY-BAS,1,REGULAR SEASON,E2007,392,OLY,PTFV,WOODS_ QYNTEL,2FGA,Missed Two Pointer,0,-276,464,I,None,None,None,25,05:00,63,57,1970-01-01
2007_001_396,2007_001,OLY-BAS,1,REGULAR SEASON,E2007,396,BAS,PCBX,PRIGIONI_ PABLO,FTM,Free Throw In,1,-1,-1,,None,None,None,25,05:00,63,58,1970-01-01
2007_001_397,2007_001,OLY-BAS,1,REGULAR SEASON,E2007,397,BAS,PCBX,PRIGIONI_ PABLO,FTM,Free Throw In,1,-1,-1,,None,None,None,25,05:00,63,59,1970-01-01
2007_001_402,2007_001,OLY-BAS,1,REGULAR SEASON,E2007,402,OLY,PCRR,GREER_ LYNN TERENCE,3FGA,Missed Three Pointer,0,107,664,G,None,None,None,26,04:00,63,59,1970-01-01
2007_001_404,2007_001,OLY-BAS,1,REGULAR SEASON,E2007,404,BAS,PAFP,PLANINIC_ ZORAN,3FGM,Three Pointer,3,317,594,G,None,None,None,26,04:00,63,62,1970-01-01
2007_001_406,2007_001,OLY-BAS,1,REGULAR SEASON,E2007,406,OLY,PAMM,PRINTEZIS_ GEORGIOS,2FGM,Two Pointer,2,5,51,C,None,None,None,27,03:00,65,62,1970-01-01
2007_001_408,2007_001,OLY-BAS,1,REGULAR SEASON,E2007,408,BAS,PAFP,PLANINIC_ ZORAN,3FGA,Missed Three Pointer,0,-453,571,J,None,None,None,27,03:00,65,62,1970-01-01
2007_001_412,2007_001,OLY-BAS,1,REGULAR SEASON,E2007,412,OLY,PAMM,PRINTEZIS_ GEORGIOS,2FGA,Missed Two Pointer,0,0,-7,D,None,None,None,27,03:00,65,62,1970-01-01
2007_001_418,2007_001,OLY-BAS,1,REGULAR SEASON,E2007,418,BAS,PAJK,VIDAL_ SERGI,FTM,Free Throw In,1,-1,-1,,None,None,None,27,03:00,65,63,1970-01-01
2007_001_420,2007_001,OLY-BAS,1,REGULAR SEASON,E2007,420,OLY,PTFV,WOODS_ QYNTEL,2FGA,Missed Two Pointer,0,-2,323,D,None,None,None,28,02:00,65,63,1970-01-01
2007_001_422,2007_001,OLY-BAS,1,REGULAR SEASON,E2007,422,BAS,PJZJ,TELETOVIC_ MIRZA,3FGA,Missed Three Pointer,0,679,71,A,None,None,None,28,02:00,65,63,1970-01-01
2007_001_424,2007_001,OLY-BAS,1,REGULAR SEASON,E2007,424,OLY,PAMM,PRINTEZIS_ GEORGIOS,2FGA,Missed Two Pointer,0,58,161,C,None,None,None,28,02:00,65,63,1970-01-01
2007_001_426,2007_001,OLY-BAS,1,REGULAR SEASON,E2007,426,BAS,PANB,RAKOCEVIC_ IGOR,2FGM,Two Pointer,2,-5,58,D,None,None,None,28,02:00,65,65,1970-01-01
2007_001_439,2007_001,OLY-BAS,1,REGULAR SEASON,E2007,439,BAS,PANB,RAKOCEVIC_ IGOR,2FGAB,Missed Two Pointer,0,-23,43,D,None,None,None,29,01:00,65,65,1970-01-01
2007_001_443,2007_001,OLY-BAS,1,REGULAR SEASON,E2007,443,OLY,PTFV,WOODS_ QYNTEL,2FGM,Two Pointer,2,38,64,C,None,None,None,29,01:00,67,65,1970-01-01
2007_001_448,2007_001,OLY-BAS,1,REGULAR SEASON,E2007,448,OLY,PCBV,MACIJAUSKAS_ ARVYDAS,3FGM,Three Pointer,3,384,600,G,None,None,None,30,00:00,70,65,1970-01-01
2007_001_450,2007_001,OLY-BAS,1,REGULAR SEASON,E2007,450,BAS,PANB,RAKOCEVIC_ IGOR,3FGA,Missed Three Pointer,0,-125,712,J,None,None,None,30,00:00,70,65,1970-01-01
2007_001_457,2007_001,OLY-BAS,1,REGULAR SEASON,E2007,457,BAS,PANB,RAKOCEVIC_ IGOR,2FGM,Two Pointer,2,0,20,D,None,None,None,31,09:00,70,67,1970-01-01
2007_001_458,2007_001,OLY-BAS,1,REGULAR SEASON,E2007,458,BAS,PAFP,PLANINIC_ ZORAN,2FGM,Two Pointer,2,-20,43,D,None,None,None,31,09:00,70,69,1970-01-01
2007_001_463,2007_001,OLY-BAS,1,REGULAR SEASON,E2007,463,BAS,PJWO,MICKEAL_ PETE,2FGM,Two Pointer,2,-15,69,D,None,None,None,31,09:00,70,71,1970-01-01
2007_001_471,2007_001,OLY-BAS,1,REGULAR SEASON,E2007,471,OLY,PTFV,WOODS_ QYNTEL,FTM,Free Throw In,1,-1,-1,,None,None,None,32,08:00,71,71,1970-01-01
2007_001_472,2007_001,OLY-BAS,1,REGULAR SEASON,E2007,472,BAS,PJWO,MICKEAL_ PETE,3FGM,Three Pointer,3,-669,25,F,None,None,None,32,08:00,71,74,1970-01-01
2007_001_474,2007_001,OLY-BAS,1,REGULAR SEASON,E2007,474,OLY,PTFV,WOODS_ QYNTEL,2FGM,Two Pointer,2,-43,369,D,None,None,None,32,08:00,73,74,1970-01-01
2007_001_480,2007_001,OLY-BAS,1,REGULAR SEASON,E2007,480,OLY,PCBV,MACIJAUSKAS_ ARVYDAS,2FGM,Two Pointer,2,-274,243,E,None,None,None,32,08:00,75,74,1970-01-01
2007_001_482,2007_001,OLY-BAS,1,REGULAR SEASON,E2007,482,BAS,PANB,RAKOCEVIC_ IGOR,2FGA,Missed Two Pointer,0,-110,164,D,None,None,None,32,08:00,75,74,1970-01-01
2007_001_483,2007_001,OLY-BAS,1,REGULAR SEASON,E2007,483,BAS,PJWO,MICKEAL_ PETE,3FGA,Missed Three Pointer,0,69,735,G,None,None,None,32,08:00,75,74,1970-01-01
2007_001_490,2007_001,OLY-BAS,1,REGULAR SEASON,E2007,490,BAS,PJWO,MICKEAL_ PETE,FTM,Free Throw In,1,-1,-1,,None,None,None,33,07:00,75,75,1970-01-01
2007_001_491,2007_001,OLY-BAS,1,REGULAR SEASON,E2007,491,OLY,PTFV,WOODS_ QYNTEL,2FGM,Two Pointer,2,-23,156,D,None,None,None,33,07:00,77,75,1970-01-01
2007_001_492,2007_001,OLY-BAS,1,REGULAR SEASON,E2007,492,BAS,PCBY,SPLITTER_ TIAGO,2FGM,Two Pointer,2,-12,48,D,None,None,None,33,07:00,77,77,1970-01-01
2007_001_494,2007_001,OLY-BAS,1,REGULAR SEASON,E2007,494,BAS,PJWO,MICKEAL_ PETE,FTM,Free Throw In,1,-1,-1,,None,None,None,33,07:00,77,78,1970-01-01
2007_001_498,2007_001,OLY-BAS,1,REGULAR SEASON,E2007,498,OLY,PAQU,BOUROUSIS_ IOANNIS,2FGA,Missed Two Pointer,0,212,307,B,None,None,None,34,06:00,77,78,1970-01-01
2007_001_501,2007_001,OLY-BAS,1,REGULAR SEASON,E2007,501,OLY,P000126,JACKSON_ MARC,2FGA,Missed Two Pointer,0,-143,189,D,None,None,None,34,06:00,77,78,1970-01-01
2007_001_504,2007_001,OLY-BAS,1,REGULAR SEASON,E2007,504,OLY,PAQU,BOUROUSIS_ IOANNIS,FTM,Free Throw In,1,-1,-1,,None,None,None,34,06:00,78,78,1970-01-01
2007_001_505,2007_001,OLY-BAS,1,REGULAR SEASON,E2007,505,OLY,PAQU,BOUROUSIS_ IOANNIS,FTM,Free Throw In,1,-1,-1,,None,None,None,34,06:00,79,78,1970-01-01
2007_001_507,2007_001,OLY-BAS,1,REGULAR SEASON,E2007,507,BAS,PANB,RAKOCEVIC_ IGOR,3FGA,Missed Three Pointer,0,-589,394,F,None,None,None,35,05:00,79,78,1970-01-01
2007_001_509,2007_001,OLY-BAS,1,REGULAR SEASON,E2007,509,OLY,PCBV,MACIJAUSKAS_ ARVYDAS,2FGM,Two Pointer,2,156,379,C,None,None,None,35,05:00,81,78,1970-01-01
2007_001_517,2007_001,OLY-BAS,1,REGULAR SEASON,E2007,517,BAS,PJWO,MICKEAL_ PETE,2FGM,Two Pointer,2,400,176,B,None,None,None,35,05:00,81,80,1970-01-01
2007_001_519,2007_001,OLY-BAS,1,REGULAR SEASON,E2007,519,OLY,PCRR,GREER_ LYNN TERENCE,2FGA,Missed Two Pointer,0,174,197,C,None,None,None,36,04:00,81,80,1970-01-01
2007_001_521,2007_001,OLY-BAS,1,REGULAR SEASON,E2007,521,OLY,PTFV,WOODS_ QYNTEL,2FGM,Two Pointer,2,12,17,C,None,None,None,36,04:00,83,80,1970-01-01
2007_001_523,2007_001,OLY-BAS,1,REGULAR SEASON,E2007,523,BAS,PAFP,PLANINIC_ ZORAN,3FGA,Missed Three Pointer,0,-656,43,F,None,None,None,36,04:00,83,80,1970-01-01
2007_001_525,2007_001,OLY-BAS,1,REGULAR SEASON,E2007,525,OLY,PAQU,BOUROUSIS_ IOANNIS,2FGM,Two Pointer,2,7,2,C,None,None,None,36,04:00,85,80,1970-01-01
2007_001_528,2007_001,OLY-BAS,1,REGULAR SEASON,E2007,528,BAS,PJTT,MCDONALD_ WILL,2FGA,Missed Two Pointer,0,-361,194,E,None,None,None,37,03:00,85,80,1970-01-01
2007_001_530,2007_001,OLY-BAS,1,REGULAR SEASON,E2007,530,OLY,PCRR,GREER_ LYNN TERENCE,3FGM,Three Pointer,3,433,523,G,None,None,None,37,03:00,88,80,1970-01-01
2007_001_531,2007_001,OLY-BAS,1,REGULAR SEASON,E2007,531,BAS,PCBX,PRIGIONI_ PABLO,3FGA,Missed Three Pointer,0,684,58,A,None,None,None,37,03:00,88,80,1970-01-01
2007_001_533,2007_001,OLY-BAS,1,REGULAR SEASON,E2007,533,OLY,PAQU,BOUROUSIS_ IOANNIS,3FGA,Missed Three Pointer,0,79,682,G,None,None,None,37,03:00,88,80,1970-01-01
2007_001_536,2007_001,OLY-BAS,1,REGULAR SEASON,E2007,536,BAS,PAFP,PLANINIC_ ZORAN,3FGA,Missed Three Pointer,0,-671,71,F,None,None,None,38,02:00,88,80,1970-01-01
2007_001_538,2007_001,OLY-BAS,1,REGULAR SEASON,E2007,538,BAS,PJZJ,TELETOVIC_ MIRZA,2FGM,Two Pointer,2,-58,38,D,None,None,None,38,02:00,88,82,1970-01-01
2007_001_539,2007_001,OLY-BAS,1,REGULAR SEASON,E2007,539,OLY,PAQU,BOUROUSIS_ IOANNIS,3FGA,Missed Three Pointer,0,-566,456,J,None,None,None,38,02:00,88,82,1970-01-01
2007_001_554,2007_001,OLY-BAS,1,REGULAR SEASON,E2007,554,BAS,PAJK,VIDAL_ SERGI,3FGM,Three Pointer,3,-656,120,F,None,None,None,39,01:00,88,85,1970-01-01
2007_001_556,2007_001,OLY-BAS,1,REGULAR SEASON,E2007,556,OLY,PCRR,GREER_ LYNN TERENCE,2FGA,Missed Two Pointer,0,-43,71,D,None,None,None,39,01:00,88,85,1970-01-01
2007_001_560,2007_001,OLY-BAS,1,REGULAR SEASON,E2007,560,BAS,PJZJ,TELETOVIC_ MIRZA,3FGA,Missed Three Pointer,0,679,102,A,None,None,None,39,01:00,88,85,1970-01-01
2007_001_566,2007_001,OLY-BAS,1,REGULAR SEASON,E2007,566,OLY,PCRR,GREER_ LYNN TERENCE,FTM,Free Throw In,1,-1,-1,,None,None,None,40,00:00,89,85,1970-01-01
2007_001_567,2007_001,OLY-BAS,1,REGULAR SEASON,E2007,567,OLY,PCRR,GREER_ LYNN TERENCE,FTM,Free Throw In,1,-1,-1,,None,None,None,40,00:00,90,85,1970-01-01
2007_001_586,2007_001,OLY-BAS,1,REGULAR SEASON,E2007,586,BAS,PJTT,MCDONALD_ WILL,FTM,Free Throw In,1,-1,-1,,None,None,None,40,00:00,90,86,1970-01-01
2007_001_587,2007_001,OLY-BAS,1,REGULAR SEASON,E2007,587,BAS,PJTT,MCDONALD_ WILL,FTM,Free Throw In,1,-1,-1,,None,None,None,40,00:00,90,87,1970-01-01
2007_001_590,2007_001,OLY-BAS,1,REGULAR SEASON,E2007,590,OLY,PCBV,MACIJAUSKAS_ ARVYDAS,FTM,Free Throw In,1,-1,-1,,None,None,None,40,00:00,91,87,1970-01-01
2007_001_591,2007_001,OLY-BAS,1,REGULAR SEASON,E2007,591,OLY,PCBV,MACIJAUSKAS_ ARVYDAS,FTM,Free Throw In,1,-1,-1,,None,None,None,40,00:00,92,87,1970-01-01
2007_001_594,2007_001,OLY-BAS,1,REGULAR SEASON,E2007,594,BAS,PJZJ,TELETOVIC_ MIRZA,3FGM,Three Pointer,3,656,82,A,None,None,None,40,00:00,92,90,1970-01-01
2007_001_601,2007_001,OLY-BAS,1,REGULAR SEASON,E2007,601,OLY,PCBV,MACIJAUSKAS_ ARVYDAS,FTM,Free Throw In,1,-1,-1,,None,None,None,40,00:00,93,90,1970-01-01
2007_001_602,2007_001,OLY-BAS,1,REGULAR SEASON,E2007,602,OLY,PCBV,MACIJAUSKAS_ ARVYDAS,2FGM,Two Pointer,2,5,-5,C,None,None,None,40,00:00,95,90,1970-01-01
2007_002_002,2007_002,VIR-ZAL,1,REGULAR SEASON,E2007,2,ZAL,PANY,SALENGA_ DAINIUS,3FGAB,Missed Three Pointer,0,56,707,G,None,None,None,1,09:00,0,0,1970-01-01
2007_002_008,2007_002,VIR-ZAL,1,REGULAR SEASON,E2007,8,ZAL,PBWI,JANKUNAS_ PAULIUS,2FGM,Two Pointer,2,-76,33,D,None,None,None,1,09:00,0,2,1970-01-01
2007_002_009,2007_002,VIR-ZAL,1,REGULAR SEASON,E2007,9,ZAL,PBWI,JANKUNAS_ PAULIUS,FTM,Free Throw In,1,-1,-1,,None,None,None,1,09:00,0,3,1970-01-01
2007_002_010,2007_002,VIR-ZAL,1,REGULAR SEASON,E2007,10,VIR,PBXA,GIOVANNONI_ GUILHERME,2FGM,Two Pointer,2,238,133,C,None,None,None,1,09:00,2,3,1970-01-01
2007_002_011,2007_002,VIR-ZAL,1,REGULAR SEASON,E2007,11,ZAL,PADX,ZUKAUSKAS_ EURELJUS,2FGAB,Missed Two Pointer,0,410,517,G,None,None,None,1,09:00,2,3,1970-01-01
2007_002_013,2007_002,VIR-ZAL,1,REGULAR SEASON,E2007,13,VIR,PBXA,GIOVANNONI_ GUILHERME,2FGA,Missed Two Pointer,0,-323,302,E,None,None,None,1,09:00,2,3,1970-01-01
2007_002_015,2007_002,VIR-ZAL,1,REGULAR SEASON,E2007,15,ZAL,PBWI,JANKUNAS_ PAULIUS,2FGM,Two Pointer,2,-56,251,D,None,None,None,1,09:00,2,5,1970-01-01
2007_002_017,2007_002,VIR-ZAL,1,REGULAR SEASON,E2007,17,VIR,PTGM,SPENCER_ DEWARICK,2FGAB,Missed Two Pointer,0,302,610,G,None,None,None,1,09:00,2,5,1970-01-01
2007_002_019,2007_002,VIR-ZAL,1,REGULAR SEASON,E2007,19,ZAL,PBWI,JANKUNAS_ PAULIUS,2FGM,Two Pointer,2,269,256,B,None,None,None,1,09:00,2,7,1970-01-01
2007_002_020,2007_002,VIR-ZAL,1,REGULAR SEASON,E2007,20,ZAL,PANY,SALENGA_ DAINIUS,3FGAB,Missed Three Pointer,0,371,961,G,None,None,None,1,09:00,2,7,1970-01-01
2007_002_023,2007_002,VIR-ZAL,1,REGULAR SEASON,E2007,23,VIR,PTGZ,LESTINI_ FEDERICO,3FGAB,Missed Three Pointer,0,410,587,G,None,None,None,1,09:00,2,7,1970-01-01
2007_002_031,2007_002,VIR-ZAL,1,REGULAR SEASON,E2007,31,VIR,PTGM,SPENCER_ DEWARICK,2FGM,Two Pointer,2,320,307,B,None,None,None,3,07:00,4,7,1970-01-01
2007_002_035,2007_002,VIR-ZAL,1,REGULAR SEASON,E2007,35,ZAL,PAHT,BROWN_ MARCUS,3FGM,Three Pointer,3,82,674,G,None,None,None,3,07:00,4,10,1970-01-01
2007_002_039,2007_002,VIR-ZAL,1,REGULAR SEASON,E2007,39,ZAL,PBDB,COLLINS_ DE JUAN,3FGAB,Missed Three Pointer,0,-507,553,J,None,None,None,3,07:00,4,10,1970-01-01
2007_002_041,2007_002,VIR-ZAL,1,REGULAR SEASON,E2007,41,VIR,PTGT,CONROY_ WILL,3FGM,Three Pointer,3,-71,674,J,None,None,None,3,07:00,7,10,1970-01-01
2007_002_049,2007_002,VIR-ZAL,1,REGULAR SEASON,E2007,49,ZAL,PBDB,COLLINS_ DE JUAN,FTM,Free Throw In,1,-1,-1,,None,None,None,5,05:00,7,11,1970-01-01
2007_002_050,2007_002,VIR-ZAL,1,REGULAR SEASON,E2007,50,ZAL,PBDB,COLLINS_ DE JUAN,FTM,Free Throw In,1,-1,-1,,None,None,None,5,05:00,7,12,1970-01-01
2007_002_051,2007_002,VIR-ZAL,1,REGULAR SEASON,E2007,51,VIR,PTGM,SPENCER_ DEWARICK,2FGA,Missed Two Pointer,0,-28,387,D,None,None,None,5,05:00,7,12,1970-01-01
2007_002_053,2007_002,VIR-ZAL,1,REGULAR SEASON,E2007,53,ZAL,PAHT,BROWN_ MARCUS,3FGM,Three Pointer,3,82,712,G,None,None,None,5,05:00,7,15,1970-01-01
2007_002_058,2007_002,VIR-ZAL,1,REGULAR SEASON,E2007,58,ZAL,PBWI,JANKUNAS_ PAULIUS,3FGAB,Missed Three Pointer,0,51,689,G,None,None,None,6,04:00,7,15,1970-01-01
2007_002_066,2007_002,VIR-ZAL,1,REGULAR SEASON,E2007,66,VIR,PTGM,SPENCER_ DEWARICK,2FGM,Two Pointer,2,7,7,C,None,None,None,6,04:00,9,15,1970-01-01
2007_002_067,2007_002,VIR-ZAL,1,REGULAR SEASON,E2007,67,ZAL,PAHT,BROWN_ MARCUS,3FGAB,Missed Three Pointer,0,56,679,G,None,None,None,6,04:00,9,15,1970-01-01
2007_002_072,2007_002,VIR-ZAL,1,REGULAR SEASON,E2007,72,ZAL,PANY,SALENGA_ DAINIUS,2FGM,Two Pointer,2,-79,79,D,None,None,None,7,03:00,9,17,1970-01-01
2007_002_073,2007_002,VIR-ZAL,1,REGULAR SEASON,E2007,73,VIR,PTGV,ANDERSON_ ALAN,2FGM,Two Pointer,2,438,164,B,None,None,None,7,03:00,11,17,1970-01-01
2007_002_075,2007_002,VIR-ZAL,1,REGULAR SEASON,E2007,75,ZAL,PANY,SALENGA_ DAINIUS,2FGA,Missed Two Pointer,0,-89,33,D,None,None,None,8,02:00,11,17,1970-01-01
2007_002_077,2007_002,VIR-ZAL,1,REGULAR SEASON,E2007,77,VIR,PTGT,CONROY_ WILL,3FGM,Three Pointer,3,56,51,C,None,None,None,8,02:00,14,17,1970-01-01
2007_002_079,2007_002,VIR-ZAL,1,REGULAR SEASON,E2007,79,ZAL,PBDB,COLLINS_ DE JUAN,2FGM,Two Pointer,2,74,12,C,None,None,None,8,02:00,14,19,1970-01-01
2007_002_080,2007_002,VIR-ZAL,1,REGULAR SEASON,E2007,80,VIR,PBXA,GIOVANNONI_ GUILHERME,2FGM,Two Pointer,2,61,28,C,None,None,None,8,02:00,16,19,1970-01-01
2007_002_089,2007_002,VIR-ZAL,1,REGULAR SEASON,E2007,89,VIR,PTGT,CONROY_ WILL,2FGA,Missed Two Pointer,0,-138,89,D,None,None,None,8,02:00,16,19,1970-01-01
2007_002_093,2007_002,VIR-ZAL,1,REGULAR SEASON,E2007,93,VIR,PBXA,GIOVANNONI_ GUILHERME,2FGA,Missed Two Pointer,0,64,89,C,None,None,None,8,02:00,16,19,1970-01-01
2007_002_095,2007_002,VIR-ZAL,1,REGULAR SEASON,E2007,95,VIR,PTGO,CROSARIOL_ ANDREA,2FGM,Two Pointer,2,15,30,C,None,None,None,8,02:00,18,19,1970-01-01
2007_002_104,2007_002,VIR-ZAL,1,REGULAR SEASON,E2007,104,ZAL,PJCC,MACIULIS_ JONAS,FTM,Free Throw In,1,-1,-1,,None,None,None,9,01:00,18,20,1970-01-01
2007_002_114,2007_002,VIR-ZAL,1,REGULAR SEASON,E2007,114,VIR,PTGV,ANDERSON_ ALAN,FTM,Free Throw In,1,-1,-1,,None,None,None,10,00:00,19,20,1970-01-01
2007_002_121,2007_002,VIR-ZAL,1,REGULAR SEASON,E2007,121,ZAL,PBDB,COLLINS_ DE JUAN,FTM,Free Throw In,1,-1,-1,,None,None,None,10,00:00,19,21,1970-01-01
2007_002_134,2007_002,VIR-ZAL,1,REGULAR SEASON,E2007,134,VIR,PTGM,SPENCER_ DEWARICK,3FGA,Missed Three Pointer,0,-433,558,J,None,None,None,11,09:00,19,23,1970-01-01
2007_002_139,2007_002,VIR-ZAL,1,REGULAR SEASON,E2007,139,ZAL,PBTR,BEARD_ TANOKA,2FGA,Missed Two Pointer,0,-317,271,E,None,None,None,11,09:00,19,23,1970-01-01
2007_002_141,2007_002,VIR-ZAL,1,REGULAR SEASON,E2007,141,VIR,PTGQ,DI BELLA_ FABIO,2FGA,Missed Two Pointer,0,-82,53,D,None,None,None,11,09:00,19,23,1970-01-01
2007_002_145,2007_002,VIR-ZAL,1,REGULAR SEASON,E2007,145,VIR,PTGO,CROSARIOL_ ANDREA,2FGA,Missed Two Pointer,0,-17,456,I,None,None,None,12,08:00,19,23,1970-01-01
2007_002_148,2007_002,VIR-ZAL,1,REGULAR SEASON,E2007,148,VIR,PLHB,GARRI_ LUCA,2FGM,Two Pointer,2,79,71,C,None,None,None,12,08:00,21,23,1970-01-01
2007_002_152,2007_002,VIR-ZAL,1,REGULAR SEASON,E2007,152,VIR,PTGV,ANDERSON_ ALAN,2FGM,Two Pointer,2,-12,382,D,None,None,None,13,07:00,23,23,1970-01-01
2007_002_158,2007_002,VIR-ZAL,1,REGULAR SEASON,E2007,158,ZAL,PJCC,MACIULIS_ JONAS,FTM,Free Throw In,1,-1,-1,,None,None,None,13,07:00,23,24,1970-01-01
2007_002_159,2007_002,VIR-ZAL,1,REGULAR SEASON,E2007,159,ZAL,PJCC,MACIULIS_ JONAS,FTM,Free Throw In,1,-1,-1,,None,None,None,13,07:00,23,25,1970-01-01
2007_002_160,2007_002,VIR-ZAL,1,REGULAR SEASON,E2007,160,VIR,PTGV,ANDERSON_ ALAN,3FGM,Three Pointer,3,705,-2,A,None,None,None,13,07:00,26,25,1970-01-01
2007_002_161,2007_002,VIR-ZAL,1,REGULAR SEASON,E2007,161,ZAL,PATP,POPOVIC_ MARKO,3FGM,Three Pointer,3,0,656,J,None,None,None,13,07:00,26,28,1970-01-01
2007_002_162,2007_002,VIR-ZAL,1,REGULAR SEASON,E2007,162,VIR,PTGV,ANDERSON_ ALAN,3FGA,Missed Three Pointer,0,-500,471,J,None,None,None,13,07:00,26,28,1970-01-01
2007_002_164,2007_002,VIR-ZAL,1,REGULAR SEASON,E2007,164,ZAL,PJCC,MACIULIS_ JONAS,2FGA,Missed Two Pointer,0,205,125,C,None,None,None,13,07:00,26,28,1970-01-01
2007_002_166,2007_002,VIR-ZAL,1,REGULAR SEASON,E2007,166,ZAL,PBDE,JURAK_ GORAN,2FGA,Missed Two Pointer,0,105,48,C,None,None,None,13,07:00,26,28,1970-01-01
2007_002_168,2007_002,VIR-ZAL,1,REGULAR SEASON,E2007,168,ZAL,PBDB,COLLINS_ DE JUAN,2FGM,Two Pointer,2,-56,79,D,None,None,None,13,07:00,26,30,1970-01-01
2007_002_170,2007_002,VIR-ZAL,1,REGULAR SEASON,E2007,170,VIR,PLHB,GARRI_ LUCA,2FGA,Missed Two Pointer,0,76,71,C,None,None,None,14,06:00,26,30,1970-01-01
2007_002_174,2007_002,VIR-ZAL,1,REGULAR SEASON,E2007,174,ZAL,PATP,POPOVIC_ MARKO,3FGM,Three Pointer,3,417,525,G,None,None,None,14,06:00,26,33,1970-01-01
2007_002_178,2007_002,VIR-ZAL,1,REGULAR SEASON,E2007,178,VIR,PBEW,CHIACIG_ ROBERTO,2FGA,Missed Two Pointer,0,71,43,C,None,None,None,15,05:00,26,33,1970-01-01
2007_002_191,2007_002,VIR-ZAL,1,REGULAR SEASON,E2007,191,VIR,PBEW,CHIACIG_ ROBERTO,2FGA,Missed Two Pointer,0,-71,38,D,None,None,None,15,05:00,26,33,1970-01-01
2007_002_194,2007_002,VIR-ZAL,1,REGULAR SEASON,E2007,194,VIR,PLHB,GARRI_ LUCA,2FGA,Missed Two Pointer,0,-369,238,E,None,None,None,16,04:00,26,33,1970-01-01
2007_002_202,2007_002,VIR-ZAL,1,REGULAR SEASON,E2007,202,VIR,PTGZ,LESTINI_ FEDERICO,2FGA,Missed Two Pointer,0,-2,17,D,None,None,None,16,04:00,26,33,1970-01-01
2007_002_204,2007_002,VIR-ZAL,1,REGULAR SEASON,E2007,204,ZAL,PATP,POPOVIC_ MARKO,3FGA,Missed Three Pointer,0,153,653,G,None,None,None,16,04:00,26,33,1970-01-01
2007_002_207,2007_002,VIR-ZAL,1,REGULAR SEASON,E2007,207,VIR,PBEW,CHIACIG_ ROBERTO,2FGM,Two Pointer,2,-535,-71,E,None,None,None,16,04:00,28,33,1970-01-01
2007_002_216,2007_002,VIR-ZAL,1,REGULAR SEASON,E2007,216,ZAL,PJCC,MACIULIS_ JONAS,3FGA,Missed Three Pointer,0,641,323,A,None,None,None,17,03:00,28,33,1970-01-01
2007_002_224,2007_002,VIR-ZAL,1,REGULAR SEASON,E2007,224,VIR,PTGZ,LESTINI_ FEDERICO,3FGAB,Missed Three Pointer,0,-151,682,J,None,None,None,17,03:00,28,33,1970-01-01
2007_002_228,2007_002,VIR-ZAL,1,REGULAR SEASON,E2007,228,ZAL,PAHT,BROWN_ MARCUS,3FGA,Missed Three Pointer,0,320,600,G,None,None,None,17,03:00,28,33,1970-01-01
2007_002_230,2007_002,VIR-ZAL,1,REGULAR SEASON,E2007,230,ZAL,PBDE,JURAK_ GORAN,2FGM,Two Pointer,2,66,28,C,None,None,None,17,03:00,28,35,1970-01-01
2007_002_231,2007_002,VIR-ZAL,1,REGULAR SEASON,E2007,231,VIR,PTGQ,DI BELLA_ FABIO,2FGM,Two Pointer,2,-79,115,D,None,None,None,17,03:00,30,35,1970-01-01
2007_002_232,2007_002,VIR-ZAL,1,REGULAR SEASON,E2007,232,ZAL,PBDE,JURAK_ GORAN,2FGA,Missed Two Pointer,0,89,38,C,None,None,None,17,03:00,30,35,1970-01-01
2007_002_235,2007_002,VIR-ZAL,1,REGULAR SEASON,E2007,235,VIR,PTGT,CONROY_ WILL,2FGM,Two Pointer,2,30,105,C,None,None,None,18,02:00,32,35,1970-01-01
2007_002_236,2007_002,VIR-ZAL,1,REGULAR SEASON,E2007,236,ZAL,PBDE,JURAK_ GORAN,2FGM,Two Pointer,2,123,135,C,None,None,None,18,02:00,32,37,1970-01-01
2007_002_239,2007_002,VIR-ZAL,1,REGULAR SEASON,E2007,239,ZAL,PJCC,MACIULIS_ JONAS,2FGM,Two Pointer,2,56,233,C,None,None,None,19,01:00,32,39,1970-01-01
2007_002_250,2007_002,VIR-ZAL,1,REGULAR SEASON,E2007,250,ZAL,PJCC,MACIULIS_ JONAS,3FGA,Missed Three Pointer,0,143,666,G,None,None,None,19,01:00,32,39,1970-01-01
2007_002_254,2007_002,VIR-ZAL,1,REGULAR SEASON,E2007,254,VIR,PTGV,ANDERSON_ ALAN,2FGA,Missed Two Pointer,0,92,25,C,None,None,None,19,01:00,32,39,1970-01-01
2007_002_256,2007_002,VIR-ZAL,1,REGULAR SEASON,E2007,256,VIR,PBEW,CHIACIG_ ROBERTO,2FGA,Missed Two Pointer,0,69,15,C,None,None,None,19,01:00,32,39,1970-01-01
2007_002_258,2007_002,VIR-ZAL,1,REGULAR SEASON,E2007,258,VIR,PTGV,ANDERSON_ ALAN,2FGM,Two Pointer,2,-17,371,D,None,None,None,19,01:00,34,39,1970-01-01
2007_002_264,2007_002,VIR-ZAL,1,REGULAR SEASON,E2007,264,VIR,PBXA,GIOVANNONI_ GUILHERME,3FGM,Three Pointer,3,-674,10,F,None,None,None,20,00:00,37,39,1970-01-01
2007_002_275,2007_002,VIR-ZAL,1,REGULAR SEASON,E2007,275,ZAL,PJCC,MACIULIS_ JONAS,2FGM,Two Pointer,2,-2,97,D,None,None,None,21,09:00,37,41,1970-01-01
2007_002_277,2007_002,VIR-ZAL,1,REGULAR SEASON,E2007,277,VIR,PTGV,ANDERSON_ ALAN,3FGM,Three Pointer,3,0,712,J,None,None,None,21,09:00,40,41,1970-01-01
2007_002_278,2007_002,VIR-ZAL,1,REGULAR SEASON,E2007,278,ZAL,PBDB,COLLINS_ DE JUAN,2FGM,Two Pointer,2,-41,84,D,None,None,None,21,09:00,40,43,1970-01-01
2007_002_280,2007_002,VIR-ZAL,1,REGULAR SEASON,E2007,280,VIR,PBEW,CHIACIG_ ROBERTO,2FGA,Missed Two Pointer,0,-115,102,D,None,None,None,21,09:00,40,43,1970-01-01
2007_002_282,2007_002,VIR-ZAL,1,REGULAR SEASON,E2007,282,VIR,PLHB,GARRI_ LUCA,2FGM,Two Pointer,2,7,92,C,None,None,None,21,09:00,42,43,1970-01-01
2007_002_291,2007_002,VIR-ZAL,1,REGULAR SEASON,E2007,291,VIR,PTGM,SPENCER_ DEWARICK,2FGA,Missed Two Pointer,0,-12,87,D,None,None,None,22,08:00,42,43,1970-01-01
2007_002_293,2007_002,VIR-ZAL,1,REGULAR SEASON,E2007,293,VIR,PBEW,CHIACIG_ ROBERTO,2FGM,Two Pointer,2,12,92,C,None,None,None,22,08:00,44,43,1970-01-01
2007_002_294,2007_002,VIR-ZAL,1,REGULAR SEASON,E2007,294,ZAL,PBWI,JANKUNAS_ PAULIUS,2FGA,Missed Two Pointer,0,0,100,D,None,None,None,22,08:00,44,43,1970-01-01
2007_002_296,2007_002,VIR-ZAL,1,REGULAR SEASON,E2007,296,VIR,PTGV,ANDERSON_ ALAN,2FGM,Two Pointer,2,-20,117,D,None,None,None,22,08:00,46,43,1970-01-01
2007_002_298,2007_002,VIR-ZAL,1,REGULAR SEASON,E2007,298,ZAL,PADX,ZUKAUSKAS_ EURELJUS,2FGM,Two Pointer,2,-23,79,D,None,None,None,23,07:00,46,45,1970-01-01
2007_002_299,2007_002,VIR-ZAL,1,REGULAR SEASON,E2007,299,VIR,PLHB,GARRI_ LUCA,3FGA,Missed Three Pointer,0,-23,694,J,None,None,None,23,07:00,46,45,1970-01-01
2007_002_301,2007_002,VIR-ZAL,1,REGULAR SEASON,E2007,301,ZAL,PBWI,JANKUNAS_ PAULIUS,2FGM,Two Pointer,2,-10,-5,D,None,None,None,23,07:00,46,47,1970-01-01
2007_002_303,2007_002,VIR-ZAL,1,REGULAR SEASON,E2007,303,VIR,PTGT,CONROY_ WILL,2FGM,Two Pointer,2,58,97,C,None,None,None,23,07:00,48,47,1970-01-01
2007_002_308,2007_002,VIR-ZAL,1,REGULAR SEASON,E2007,308,VIR,PTGT,CONROY_ WILL,FTM,Free Throw In,1,-1,-1,,None,None,None,23,07:00,49,47,1970-01-01
2007_002_312,2007_002,VIR-ZAL,1,REGULAR SEASON,E2007,312,ZAL,PBWI,JANKUNAS_ PAULIUS,2FGM,Two Pointer,2,-10,100,D,None,None,None,24,06:00,49,49,1970-01-01
2007_002_314,2007_002,VIR-ZAL,1,REGULAR SEASON,E2007,314,VIR,PTGV,ANDERSON_ ALAN,3FGM,Three Pointer,3,-382,633,J,None,None,None,24,06:00,52,49,1970-01-01
2007_002_321,2007_002,VIR-ZAL,1,REGULAR SEASON,E2007,321,ZAL,PJCC,MACIULIS_ JONAS,FTM,Free Throw In,1,-1,-1,,None,None,None,24,06:00,52,50,1970-01-01
2007_002_326,2007_002,VIR-ZAL,1,REGULAR SEASON,E2007,326,VIR,PBEW,CHIACIG_ ROBERTO,2FGM,Two Pointer,2,0,7,D,None,None,None,24,06:00,54,50,1970-01-01
2007_002_329,2007_002,VIR-ZAL,1,REGULAR SEASON,E2007,329,ZAL,PADX,ZUKAUSKAS_ EURELJUS,2FGM,Two Pointer,2,-17,146,D,None,None,None,25,05:00,54,52,1970-01-01
2007_002_331,2007_002,VIR-ZAL,1,REGULAR SEASON,E2007,331,VIR,PBEW,CHIACIG_ ROBERTO,2FGA,Missed Two Pointer,0,-35,102,D,None,None,None,25,05:00,54,52,1970-01-01
2007_002_333,2007_002,VIR-ZAL,1,REGULAR SEASON,E2007,333,VIR,PLHB,GARRI_ LUCA,2FGA,Missed Two Pointer,0,-76,105,D,None,None,None,25,05:00,54,52,1970-01-01
2007_002_346,2007_002,VIR-ZAL,1,REGULAR SEASON,E2007,346,ZAL,PBTR,BEARD_ TANOKA,FTM,Free Throw In,1,-1,-1,,None,None,None,26,04:00,54,53,1970-01-01
2007_002_349,2007_002,VIR-ZAL,1,REGULAR SEASON,E2007,349,ZAL,PAHT,BROWN_ MARCUS,3FGA,Missed Three Pointer,0,410,646,G,None,None,None,26,04:00,54,53,1970-01-01
2007_002_353,2007_002,VIR-ZAL,1,REGULAR SEASON,E2007,353,ZAL,PBDB,COLLINS_ DE JUAN,3FGA,Missed Three Pointer,0,458,592,G,None,None,None,26,04:00,54,53,1970-01-01
2007_002_358,2007_002,VIR-ZAL,1,REGULAR SEASON,E2007,358,ZAL,PBWI,JANKUNAS_ PAULIUS,2FGM,Two Pointer,2,53,164,C,None,None,None,26,04:00,54,55,1970-01-01
2007_002_362,2007_002,VIR-ZAL,1,REGULAR SEASON,E2007,362,ZAL,PAHT,BROWN_ MARCUS,3FGA,Missed Three Pointer,0,58,738,G,None,None,None,26,04:00,54,55,1970-01-01
2007_002_364,2007_002,VIR-ZAL,1,REGULAR SEASON,E2007,364,ZAL,PBTR,BEARD_ TANOKA,2FGM,Two Pointer,2,-25,128,D,None,None,None,26,04:00,54,57,1970-01-01
2007_002_369,2007_002,VIR-ZAL,1,REGULAR SEASON,E2007,369,VIR,PTGO,CROSARIOL_ ANDREA,2FGM,Two Pointer,2,38,100,C,None,None,None,27,03:00,56,57,1970-01-01
2007_002_370,2007_002,VIR-ZAL,1,REGULAR SEASON,E2007,370,ZAL,PBWI,JANKUNAS_ PAULIUS,2FGM,Two Pointer,2,7,156,C,None,None,None,27,03:00,56,59,1970-01-01
2007_002_379,2007_002,VIR-ZAL,1,REGULAR SEASON,E2007,379,VIR,PBXA,GIOVANNONI_ GUILHERME,3FGA,Missed Three Pointer,0,692,271,A,None,None,None,28,02:00,56,59,1970-01-01
2007_002_381,2007_002,VIR-ZAL,1,REGULAR SEASON,E2007,381,VIR,PTGQ,DI BELLA_ FABIO,3FGA,Missed Three Pointer,0,-656,515,J,None,None,None,28,02:00,56,59,1970-01-01
2007_002_385,2007_002,VIR-ZAL,1,REGULAR SEASON,E2007,385,ZAL,PBDE,JURAK_ GORAN,FTM,Free Throw In,1,-1,-1,,None,None,None,28,02:00,56,60,1970-01-01
2007_002_386,2007_002,VIR-ZAL,1,REGULAR SEASON,E2007,386,ZAL,PBDE,JURAK_ GORAN,FTM,Free Throw In,1,-1,-1,,None,None,None,28,02:00,56,61,1970-01-01
2007_002_387,2007_002,VIR-ZAL,1,REGULAR SEASON,E2007,387,VIR,PTGM,SPENCER_ DEWARICK,2FGA,Missed Two Pointer,0,164,125,C,None,None,None,28,02:00,56,61,1970-01-01
2007_002_389,2007_002,VIR-ZAL,1,REGULAR SEASON,E2007,389,ZAL,PBDE,JURAK_ GORAN,3FGA,Missed Three Pointer,0,28,771,G,None,None,None,28,02:00,56,61,1970-01-01
2007_002_396,2007_002,VIR-ZAL,1,REGULAR SEASON,E2007,396,VIR,PTGZ,LESTINI_ FEDERICO,FTM,Free Throw In,1,-1,-1,,None,None,None,30,00:00,57,61,1970-01-01
2007_002_399,2007_002,VIR-ZAL,1,REGULAR SEASON,E2007,399,ZAL,PBDE,JURAK_ GORAN,3FGA,Missed Three Pointer,0,-58,707,J,None,None,None,30,00:00,57,61,1970-01-01
2007_002_407,2007_002,VIR-ZAL,1,REGULAR SEASON,E2007,407,VIR,PTGO,CROSARIOL_ ANDREA,2FGM,Two Pointer,2,38,84,C,None,None,None,31,09:00,59,61,1970-01-01
2007_002_411,2007_002,VIR-ZAL,1,REGULAR SEASON,E2007,411,VIR,PTGV,ANDERSON_ ALAN,3FGAB,Missed Three Pointer,0,-584,294,F,None,None,None,31,09:00,59,61,1970-01-01
2007_002_414,2007_002,VIR-ZAL,1,REGULAR SEASON,E2007,414,VIR,PTGV,ANDERSON_ ALAN,2FGA,Missed Two Pointer,0,135,102,C,None,None,None,31,09:00,59,61,1970-01-01
2007_002_420,2007_002,VIR-ZAL,1,REGULAR SEASON,E2007,420,ZAL,PJCC,MACIULIS_ JONAS,3FGA,Missed Three Pointer,0,-717,479,J,None,None,None,32,08:00,59,61,1970-01-01
2007_002_424,2007_002,VIR-ZAL,1,REGULAR SEASON,E2007,424,VIR,PTGV,ANDERSON_ ALAN,2FGM,Two Pointer,2,38,153,C,None,None,None,32,08:00,61,61,1970-01-01
2007_002_425,2007_002,VIR-ZAL,1,REGULAR SEASON,E2007,425,ZAL,PJCC,MACIULIS_ JONAS,2FGM,Two Pointer,2,-46,130,D,None,None,None,32,08:00,61,63,1970-01-01
2007_002_430,2007_002,VIR-ZAL,1,REGULAR SEASON,E2007,430,VIR,PTGV,ANDERSON_ ALAN,3FGA,Missed Three Pointer,0,476,600,G,None,None,None,33,07:00,61,63,1970-01-01
2007_002_432,2007_002,VIR-ZAL,1,REGULAR SEASON,E2007,432,ZAL,PBDB,COLLINS_ DE JUAN,2FGM,Two Pointer,2,-7,107,D,None,None,None,33,07:00,61,65,1970-01-01
2007_002_433,2007_002,VIR-ZAL,1,REGULAR SEASON,E2007,433,VIR,PTGQ,DI BELLA_ FABIO,2FGM,Two Pointer,2,74,89,C,None,None,None,33,07:00,63,65,1970-01-01
2007_002_434,2007_002,VIR-ZAL,1,REGULAR SEASON,E2007,434,ZAL,PATP,POPOVIC_ MARKO,3FGA,Missed Three Pointer,0,-284,794,J,None,None,None,33,07:00,63,65,1970-01-01
2007_002_436,2007_002,VIR-ZAL,1,REGULAR SEASON,E2007,436,VIR,PTGV,ANDERSON_ ALAN,2FGA,Missed Two Pointer,0,179,120,C,None,None,None,33,07:00,63,65,1970-01-01
2007_002_438,2007_002,VIR-ZAL,1,REGULAR SEASON,E2007,438,ZAL,PBDB,COLLINS_ DE JUAN,3FGA,Missed Three Pointer,0,-394,715,J,None,None,None,33,07:00,63,65,1970-01-01
2007_002_441,2007_002,VIR-ZAL,1,REGULAR SEASON,E2007,441,VIR,PBXA,GIOVANNONI_ GUILHERME,2FGM,Two Pointer,2,-12,0,D,None,None,None,33,07:00,65,65,1970-01-01
2007_002_447,2007_002,VIR-ZAL,1,REGULAR SEASON,E2007,447,ZAL,PBTR,BEARD_ TANOKA,3FGA,Missed Three Pointer,0,-33,717,J,None,None,None,35,05:00,65,65,1970-01-01
2007_002_455,2007_002,VIR-ZAL,1,REGULAR SEASON,E2007,455,VIR,PTGV,ANDERSON_ ALAN,FTM,Free Throw In,1,-1,-1,,None,None,None,35,05:00,66,65,1970-01-01
2007_002_456,2007_002,VIR-ZAL,1,REGULAR SEASON,E2007,456,VIR,PTGV,ANDERSON_ ALAN,FTM,Free Throw In,1,-1,-1,,None,None,None,35,05:00,67,65,1970-01-01
2007_002_459,2007_002,VIR-ZAL,1,REGULAR SEASON,E2007,459,VIR,PTGQ,DI BELLA_ FABIO,2FGM,Two Pointer,2,35,153,C,None,None,None,35,05:00,69,65,1970-01-01
2007_002_461,2007_002,VIR-ZAL,1,REGULAR SEASON,E2007,461,ZAL,PAHT,BROWN_ MARCUS,3FGA,Missed Three Pointer,0,-515,625,J,None,None,None,36,04:00,69,65,1970-01-01
2007_002_463,2007_002,VIR-ZAL,1,REGULAR SEASON,E2007,463,VIR,PBXA,GIOVANNONI_ GUILHERME,3FGA,Missed Three Pointer,0,574,476,G,None,None,None,36,04:00,69,65,1970-01-01
2007_002_473,2007_002,VIR-ZAL,1,REGULAR SEASON,E2007,473,ZAL,PBTR,BEARD_ TANOKA,FTM,Free Throw In,1,-1,-1,,None,None,None,36,04:00,69,66,1970-01-01
2007_002_476,2007_002,VIR-ZAL,1,REGULAR SEASON,E2007,476,VIR,PTGT,CONROY_ WILL,3FGA,Missed Three Pointer,0,610,384,A,None,None,None,36,04:00,69,66,1970-01-01
2007_002_481,2007_002,VIR-ZAL,1,REGULAR SEASON,E2007,481,ZAL,PBWI,JANKUNAS_ PAULIUS,3FGA,Missed Three Pointer,0,-530,600,J,None,None,None,37,03:00,69,66,1970-01-01
2007_002_483,2007_002,VIR-ZAL,1,REGULAR SEASON,E2007,483,VIR,PBXA,GIOVANNONI_ GUILHERME,2FGA,Missed Two Pointer,0,125,161,C,None,None,None,37,03:00,69,66,1970-01-01
2007_002_485,2007_002,VIR-ZAL,1,REGULAR SEASON,E2007,485,ZAL,PANY,SALENGA_ DAINIUS,3FGM,Three Pointer,3,512,528,G,None,None,None,37,03:00,69,69,1970-01-01
2007_002_488,2007_002,VIR-ZAL,1,REGULAR SEASON,E2007,488,VIR,PTGO,CROSARIOL_ ANDREA,2FGM,Two Pointer,2,-2,17,D,None,None,None,38,02:00,71,69,1970-01-01
2007_002_495,2007_002,VIR-ZAL,1,REGULAR SEASON,E2007,495,ZAL,PBTR,BEARD_ TANOKA,2FGA,Missed Two Pointer,0,-92,171,D,None,None,None,38,02:00,71,69,1970-01-01
2007_002_500,2007_002,VIR-ZAL,1,REGULAR SEASON,E2007,500,VIR,PTGM,SPENCER_ DEWARICK,2FGM,Two Pointer,2,38,110,C,None,None,None,38,02:00,73,69,1970-01-01
2007_002_501,2007_002,VIR-ZAL,1,REGULAR SEASON,E2007,501,ZAL,PATP,POPOVIC_ MARKO,3FGA,Missed Three Pointer,0,-338,715,J,None,None,None,38,02:00,73,69,1970-01-01
2007_002_504,2007_002,VIR-ZAL,1,REGULAR SEASON,E2007,504,VIR,PTGV,ANDERSON_ ALAN,2FGM,Two Pointer,2,417,164,B,None,None,None,39,01:00,75,69,1970-01-01
2007_002_510,2007_002,VIR-ZAL,1,REGULAR SEASON,E2007,510,ZAL,PBDB,COLLINS_ DE JUAN,2FGA,Missed Two Pointer,0,-12,220,D,None,None,None,39,01:00,75,69,1970-01-01
2007_002_515,2007_002,VIR-ZAL,1,REGULAR SEASON,E2007,515,ZAL,PATP,POPOVIC_ MARKO,3FGM,Three Pointer,3,566,482,G,None,None,None,39,01:00,75,72,1970-01-01
2007_002_522,2007_002,VIR-ZAL,1,REGULAR SEASON,E2007,522,ZAL,PBTR,BEARD_ TANOKA,FTM,Free Throw In,1,-1,-1,,None,None,None,40,00:00,75,73,1970-01-01
2007_002_523,2007_002,VIR-ZAL,1,REGULAR SEASON,E2007,523,VIR,PTGM,SPENCER_ DEWARICK,2FGM,Two Pointer,2,89,79,C,None,None,None,40,00:00,77,73,1970-01-01
2007_002_525,2007_002,VIR-ZAL,1,REGULAR SEASON,E2007,525,ZAL,PBDB,COLLINS_ DE JUAN,3FGA,Missed Three Pointer,0,-530,723,J,None,None,None,40,00:00,77,73,1970-01-01
2007_002_531,2007_002,VIR-ZAL,1,REGULAR SEASON,E2007,531,VIR,PTGV,ANDERSON_ ALAN,FTM,Free Throw In,1,-1,-1,,None,None,None,40,00:00,78,73,1970-01-01
2007_002_532,2007_002,VIR-ZAL,1,REGULAR SEASON,E2007,532,VIR,PTGV,ANDERSON_ ALAN,FTM,Free Throw In,1,-1,-1,,None,None,None,40,00:00,79,73,1970-01-01
2007_002_534,2007_002,VIR-ZAL,1,REGULAR SEASON,E2007,534,ZAL,PATP,POPOVIC_ MARKO,2FGA,Missed Two Pointer,0,-35,182,D,None,None,None,40,00:00,79,73,1970-01-01
2007_002_537,2007_002,VIR-ZAL,1,REGULAR SEASON,E2007,537,ZAL,PBTR,BEARD_ TANOKA,2FGM,Two Pointer,2,35,146,C,None,None,None,40,00:00,79,75,1970-01-01
2007_002_541,2007_002,VIR-ZAL,1,REGULAR SEASON,E2007,541,VIR,PTGV,ANDERSON_ ALAN,FTM,Free Throw In,1,-1,-1,,None,None,None,40,00:00,80,75,1970-01-01
2007_002_542,2007_002,VIR-ZAL,1,REGULAR SEASON,E2007,542,VIR,PTGV,ANDERSON_ ALAN,FTM,Free Throw In,1,-1,-1,,None,None,None,40,00:00,81,75,1970-01-01
2007_002_548,2007_002,VIR-ZAL,1,REGULAR SEASON,E2007,548,VIR,PBXA,GIOVANNONI_ GUILHERME,2FGA,Missed Two Pointer,0,25,187,C,None,None,None,40,00:00,81,75,1970-01-01
2007_002_550,2007_002,VIR-ZAL,1,REGULAR SEASON,E2007,550,ZAL,PJCC,MACIULIS_ JONAS,2FGM,Two Pointer,2,0,0,B,None,None,None,11,09:00,19,23,1970-01-01
2007_003_003,2007_003,SOP-CSK,1,REGULAR SEASON,E2007,3,SOP,PABC,GUROVIC_ MILAN,3FGA,Missed Three Pointer,0,-417,548,J,None,None,None,1,09:00,0,0,1970-01-01
2007_003_005,2007_003,SOP-CSK,1,REGULAR SEASON,E2007,5,CSK,PAQO,HOLDEN_ JON ROBERT,3FGA,Missed Three Pointer,0,-356,617,J,None,None,None,1,09:00,0,0,1970-01-01
2007_003_007,2007_003,SOP-CSK,1,REGULAR SEASON,E2007,7,SOP,PKVL,BEST_ TRAVIS,3FGA,Missed Three Pointer,0,-394,566,J,None,None,None,1,09:00,0,0,1970-01-01
2007_003_008,2007_003,SOP-CSK,1,REGULAR SEASON,E2007,8,SOP,PTGA,WAGNER_ DAJUAN,2FGA,Missed Two Pointer,0,-284,187,E,None,None,None,1,09:00,0,0,1970-01-01
2007_003_011,2007_003,SOP-CSK,1,REGULAR SEASON,E2007,11,CSK,PAQO,HOLDEN_ JON ROBERT,2FGM,Two Pointer,2,325,497,H,None,None,None,2,08:00,0,2,1970-01-01
2007_003_012,2007_003,SOP-CSK,1,REGULAR SEASON,E2007,12,SOP,PABC,GUROVIC_ MILAN,2FGA,Missed Two Pointer,0,-84,23,D,None,None,None,2,08:00,0,2,1970-01-01
2007_003_015,2007_003,SOP-CSK,1,REGULAR SEASON,E2007,15,SOP,PTGA,WAGNER_ DAJUAN,2FGM,Two Pointer,2,-15,553,I,None,None,None,2,08:00,2,2,1970-01-01
2007_003_021,2007_003,SOP-CSK,1,REGULAR SEASON,E2007,21,SOP,PKVL,BEST_ TRAVIS,3FGA,Missed Three Pointer,0,-107,682,J,None,None,None,3,07:00,2,2,1970-01-01
2007_003_023,2007_003,SOP-CSK,1,REGULAR SEASON,E2007,23,CSK,PALC,SMODIS_ MATJAZ,2FGM,Two Pointer,2,505,56,B,None,None,None,3,07:00,2,4,1970-01-01
2007_003_027,2007_003,SOP-CSK,1,REGULAR SEASON,E2007,27,SOP,PABC,GUROVIC_ MILAN,FTM,Free Throw In,1,-1,-1,,None,None,None,4,06:00,3,4,1970-01-01
2007_003_028,2007_003,SOP-CSK,1,REGULAR SEASON,E2007,28,SOP,PABC,GUROVIC_ MILAN,FTM,Free Throw In,1,-1,-1,,None,None,None,4,06:00,4,4,1970-01-01
2007_003_029,2007_003,SOP-CSK,1,REGULAR SEASON,E2007,29,CSK,PJMM,SISKAUSKAS_ RAMUNAS,3FGA,Missed Three Pointer,0,-89,697,J,None,None,None,4,06:00,4,4,1970-01-01
2007_003_031,2007_003,SOP-CSK,1,REGULAR SEASON,E2007,31,SOP,PABC,GUROVIC_ MILAN,3FGM,Three Pointer,3,-502,497,J,None,None,None,4,06:00,7,4,1970-01-01
2007_003_034,2007_003,SOP-CSK,1,REGULAR SEASON,E2007,34,SOP,PTGA,WAGNER_ DAJUAN,2FGA,Missed Two Pointer,0,-282,392,E,None,None,None,4,06:00,7,4,1970-01-01
2007_003_039,2007_003,SOP-CSK,1,REGULAR SEASON,E2007,39,CSK,PBEB,LANGDON_ TRAJAN,2FGA,Missed Two Pointer,0,5,487,H,None,None,None,5,05:00,7,4,1970-01-01
2007_003_041,2007_003,SOP-CSK,1,REGULAR SEASON,E2007,41,CSK,PALC,SMODIS_ MATJAZ,3FGAB,Missed Three Pointer,0,-94,653,J,None,None,None,5,05:00,7,4,1970-01-01
2007_003_044,2007_003,SOP-CSK,1,REGULAR SEASON,E2007,44,CSK,PAQO,HOLDEN_ JON ROBERT,3FGA,Missed Three Pointer,0,105,694,G,None,None,None,5,05:00,7,4,1970-01-01
2007_003_046,2007_003,SOP-CSK,1,REGULAR SEASON,E2007,46,SOP,PASG,VAN DEN SPIEGEL_ TOMAS,2FGM,Two Pointer,2,-84,17,D,None,None,None,5,05:00,9,4,1970-01-01
2007_003_048,2007_003,SOP-CSK,1,REGULAR SEASON,E2007,48,CSK,PALC,SMODIS_ MATJAZ,2FGM,Two Pointer,2,141,51,C,None,None,None,5,05:00,9,6,1970-01-01
2007_003_050,2007_003,SOP-CSK,1,REGULAR SEASON,E2007,50,SOP,PTGA,WAGNER_ DAJUAN,2FGM,Two Pointer,2,-189,30,D,None,None,None,6,04:00,11,6,1970-01-01
2007_003_059,2007_003,SOP-CSK,1,REGULAR SEASON,E2007,59,CSK,PAKT,ANDERSEN_ DAVID,3FGM,Three Pointer,3,-133,682,J,None,None,None,6,04:00,11,9,1970-01-01
2007_003_066,2007_003,SOP-CSK,1,REGULAR SEASON,E2007,66,SOP,PABC,GUROVIC_ MILAN,3FGM,Three Pointer,3,51,676,G,None,None,None,7,03:00,14,9,1970-01-01
2007_003_068,2007_003,SOP-CSK,1,REGULAR SEASON,E2007,68,CSK,PAKT,ANDERSEN_ DAVID,3FGA,Missed Three Pointer,0,166,664,G,None,None,None,7,03:00,14,9,1970-01-01
2007_003_073,2007_003,SOP-CSK,1,REGULAR SEASON,E2007,73,CSK,PAKT,ANDERSEN_ DAVID,2FGA,Missed Two Pointer,0,-302,135,E,None,None,None,8,02:00,14,9,1970-01-01
2007_003_081,2007_003,SOP-CSK,1,REGULAR SEASON,E2007,81,SOP,PTGA,WAGNER_ DAJUAN,FTM,Free Throw In,1,-1,-1,,None,None,None,8,02:00,15,9,1970-01-01
2007_003_082,2007_003,SOP-CSK,1,REGULAR SEASON,E2007,82,SOP,PTGA,WAGNER_ DAJUAN,FTM,Free Throw In,1,-1,-1,,None,None,None,8,02:00,16,9,1970-01-01
2007_003_083,2007_003,SOP-CSK,1,REGULAR SEASON,E2007,83,CSK,PATW,PAPALOUKAS_ THEODOROS,2FGA,Missed Two Pointer,0,148,23,C,None,None,None,8,02:00,16,9,1970-01-01
2007_003_085,2007_003,SOP-CSK,1,REGULAR SEASON,E2007,85,SOP,PABC,GUROVIC_ MILAN,2FGA,Missed Two Pointer,0,-87,156,D,None,None,None,8,02:00,16,9,1970-01-01
2007_003_092,2007_003,SOP-CSK,1,REGULAR SEASON,E2007,92,CSK,PAKT,ANDERSEN_ DAVID,2FGA,Missed Two Pointer,0,-135,123,D,None,None,None,9,01:00,16,9,1970-01-01
2007_003_095,2007_003,SOP-CSK,1,REGULAR SEASON,E2007,95,CSK,PATW,PAPALOUKAS_ THEODOROS,3FGA,Missed Three Pointer,0,-258,669,J,None,None,None,9,01:00,16,9,1970-01-01
2007_003_097,2007_003,SOP-CSK,1,REGULAR SEASON,E2007,97,CSK,PAKT,ANDERSEN_ DAVID,2FGA,Missed Two Pointer,0,325,107,B,None,None,None,9,01:00,16,9,1970-01-01
2007_003_099,2007_003,SOP-CSK,1,REGULAR SEASON,E2007,99,CSK,PATW,PAPALOUKAS_ THEODOROS,2FGAB,Missed Two Pointer,0,-79,74,D,None,None,None,9,01:00,16,9,1970-01-01
2007_003_107,2007_003,SOP-CSK,1,REGULAR SEASON,E2007,107,CSK,PABN,ZISIS_ NIKOLAOS,2FGM,Two Pointer,2,-79,115,D,None,None,None,10,00:00,16,11,1970-01-01
2007_003_111,2007_003,SOP-CSK,1,REGULAR SEASON,E2007,111,CSK,PABN,ZISIS_ NIKOLAOS,2FGM,Two Pointer,2,-133,120,D,None,None,None,10,00:00,16,13,1970-01-01
2007_003_115,2007_003,SOP-CSK,1,REGULAR SEASON,E2007,115,CSK,PABN,ZISIS_ NIKOLAOS,2FGM,Two Pointer,2,69,135,C,None,None,None,11,09:00,16,15,1970-01-01
2007_003_118,2007_003,SOP-CSK,1,REGULAR SEASON,E2007,118,CSK,PABN,ZISIS_ NIKOLAOS,FTM,Free Throw In,1,-1,-1,,None,None,None,11,09:00,16,16,1970-01-01
2007_003_123,2007_003,SOP-CSK,1,REGULAR SEASON,E2007,123,CSK,PABN,ZISIS_ NIKOLAOS,3FGM,Three Pointer,3,479,489,G,None,None,None,11,09:00,16,19,1970-01-01
2007_003_125,2007_003,SOP-CSK,1,REGULAR SEASON,E2007,125,SOP,PABC,GUROVIC_ MILAN,3FGM,Three Pointer,3,407,538,G,None,None,None,11,09:00,19,19,1970-01-01
2007_003_128,2007_003,SOP-CSK,1,REGULAR SEASON,E2007,128,CSK,PATW,PAPALOUKAS_ THEODOROS,3FGM,Three Pointer,3,-217,646,J,None,None,None,12,08:00,19,22,1970-01-01
2007_003_129,2007_003,SOP-CSK,1,REGULAR SEASON,E2007,129,SOP,PABC,GUROVIC_ MILAN,2FGA,Missed Two Pointer,0,105,102,C,None,None,None,12,08:00,19,22,1970-01-01
2007_003_131,2007_003,SOP-CSK,1,REGULAR SEASON,E2007,131,CSK,PBEB,LANGDON_ TRAJAN,2FGM,Two Pointer,2,-117,369,D,None,None,None,12,08:00,19,24,1970-01-01
2007_003_141,2007_003,SOP-CSK,1,REGULAR SEASON,E2007,141,SOP,PABC,GUROVIC_ MILAN,2FGM,Two Pointer,2,-248,410,E,None,None,None,13,07:00,21,24,1970-01-01
2007_003_142,2007_003,SOP-CSK,1,REGULAR SEASON,E2007,142,CSK,PALC,SMODIS_ MATJAZ,2FGA,Missed Two Pointer,0,-53,200,D,None,None,None,13,07:00,21,24,1970-01-01
2007_003_144,2007_003,SOP-CSK,1,REGULAR SEASON,E2007,144,SOP,PACY,SLANINA_ DONATAS,3FGA,Missed Three Pointer,0,469,515,G,None,None,None,13,07:00,21,24,1970-01-01
2007_003_147,2007_003,SOP-CSK,1,REGULAR SEASON,E2007,147,CSK,PATW,PAPALOUKAS_ THEODOROS,2FGM,Two Pointer,2,-330,133,E,None,None,None,14,06:00,21,26,1970-01-01
2007_003_149,2007_003,SOP-CSK,1,REGULAR SEASON,E2007,149,SOP,PABC,GUROVIC_ MILAN,2FGM,Two Pointer,2,-51,56,D,None,None,None,14,06:00,23,26,1970-01-01
2007_003_157,2007_003,SOP-CSK,1,REGULAR SEASON,E2007,157,CSK,PALR,SAVRASENKO_ ALEKSEY,FTM,Free Throw In,1,-1,-1,,None,None,None,14,06:00,23,27,1970-01-01
2007_003_158,2007_003,SOP-CSK,1,REGULAR SEASON,E2007,158,CSK,PALR,SAVRASENKO_ ALEKSEY,FTM,Free Throw In,1,-1,-1,,None,None,None,14,06:00,23,28,1970-01-01
2007_003_159,2007_003,SOP-CSK,1,REGULAR SEASON,E2007,159,SOP,PACY,SLANINA_ DONATAS,2FGM,Two Pointer,2,-56,115,D,None,None,None,14,06:00,25,28,1970-01-01
2007_003_161,2007_003,SOP-CSK,1,REGULAR SEASON,E2007,161,CSK,PALR,SAVRASENKO_ ALEKSEY,2FGM,Two Pointer,2,71,43,C,None,None,None,15,05:00,25,30,1970-01-01
2007_003_168,2007_003,SOP-CSK,1,REGULAR SEASON,E2007,168,CSK,PALR,SAVRASENKO_ ALEKSEY,2FGM,Two Pointer,2,102,94,C,None,None,None,15,05:00,25,32,1970-01-01
2007_003_172,2007_003,SOP-CSK,1,REGULAR SEASON,E2007,172,CSK,PALC,SMODIS_ MATJAZ,2FGA,Missed Two Pointer,0,579,156,B,None,None,None,16,04:00,25,32,1970-01-01
2007_003_180,2007_003,SOP-CSK,1,REGULAR SEASON,E2007,180,SOP,PACY,SLANINA_ DONATAS,2FGM,Two Pointer,2,-305,510,I,None,None,None,16,04:00,27,32,1970-01-01
2007_003_187,2007_003,SOP-CSK,1,REGULAR SEASON,E2007,187,SOP,PBCM,HARISSIS_ CHRISTOS,3FGM,Three Pointer,3,256,620,G,None,None,None,17,03:00,30,32,1970-01-01
2007_003_188,2007_003,SOP-CSK,1,REGULAR SEASON,E2007,188,CSK,PABN,ZISIS_ NIKOLAOS,3FGM,Three Pointer,3,-330,584,J,None,None,None,17,03:00,30,35,1970-01-01
2007_003_194,2007_003,SOP-CSK,1,REGULAR SEASON,E2007,194,CSK,PALC,SMODIS_ MATJAZ,2FGM,Two Pointer,2,92,148,C,None,None,None,18,02:00,30,37,1970-01-01
2007_003_196,2007_003,SOP-CSK,1,REGULAR SEASON,E2007,196,SOP,PTFZ,ROSZYK_ KRZYSZTOF,2FGA,Missed Two Pointer,0,87,12,C,None,None,None,18,02:00,30,37,1970-01-01
2007_003_198,2007_003,SOP-CSK,1,REGULAR SEASON,E2007,198,CSK,PJMM,SISKAUSKAS_ RAMUNAS,3FGM,Three Pointer,3,-312,620,J,None,None,None,18,02:00,30,40,1970-01-01
2007_003_201,2007_003,SOP-CSK,1,REGULAR SEASON,E2007,201,SOP,PBCM,HARISSIS_ CHRISTOS,3FGA,Missed Three Pointer,0,376,582,G,None,None,None,19,01:00,30,40,1970-01-01
2007_003_205,2007_003,SOP-CSK,1,REGULAR SEASON,E2007,205,CSK,PJMM,SISKAUSKAS_ RAMUNAS,2FGM,Two Pointer,2,79,82,C,None,None,None,19,01:00,30,42,1970-01-01
2007_003_212,2007_003,SOP-CSK,1,REGULAR SEASON,E2007,212,CSK,PALR,SAVRASENKO_ ALEKSEY,2FGAB,Missed Two Pointer,0,61,66,C,None,None,None,20,00:00,30,42,1970-01-01
2007_003_215,2007_003,SOP-CSK,1,REGULAR SEASON,E2007,215,SOP,PASG,VAN DEN SPIEGEL_ TOMAS,2FGM,Two Pointer,2,-171,271,D,None,None,None,20,00:00,32,42,1970-01-01
2007_003_219,2007_003,SOP-CSK,1,REGULAR SEASON,E2007,219,CSK,PJMM,SISKAUSKAS_ RAMUNAS,FTM,Free Throw In,1,-1,-1,,None,None,None,20,00:00,32,43,1970-01-01
2007_003_220,2007_003,SOP-CSK,1,REGULAR SEASON,E2007,220,CSK,PAQO,HOLDEN_ JON ROBERT,2FGM,Two Pointer,2,5,94,C,None,None,None,20,00:00,32,45,1970-01-01
2007_003_229,2007_003,SOP-CSK,1,REGULAR SEASON,E2007,229,SOP,PABC,GUROVIC_ MILAN,2FGM,Two Pointer,2,82,220,C,None,None,None,21,09:00,34,45,1970-01-01
2007_003_231,2007_003,SOP-CSK,1,REGULAR SEASON,E2007,231,CSK,PALR,SAVRASENKO_ ALEKSEY,2FGM,Two Pointer,2,82,92,C,None,None,None,21,09:00,34,47,1970-01-01
2007_003_237,2007_003,SOP-CSK,1,REGULAR SEASON,E2007,237,SOP,PACX,MASIULIS_ TOMAS,FTM,Free Throw In,1,-1,-1,,None,None,None,21,09:00,35,47,1970-01-01
2007_003_238,2007_003,SOP-CSK,1,REGULAR SEASON,E2007,238,SOP,PACX,MASIULIS_ TOMAS,FTM,Free Throw In,1,-1,-1,,None,None,None,21,09:00,36,47,1970-01-01
2007_003_241,2007_003,SOP-CSK,1,REGULAR SEASON,E2007,241,CSK,PAQO,HOLDEN_ JON ROBERT,2FGM,Two Pointer,2,-300,256,E,None,None,None,22,08:00,36,49,1970-01-01
2007_003_244,2007_003,SOP-CSK,1,REGULAR SEASON,E2007,244,SOP,PTGA,WAGNER_ DAJUAN,2FGA,Missed Two Pointer,0,-292,402,E,None,None,None,22,08:00,36,49,1970-01-01
2007_003_248,2007_003,SOP-CSK,1,REGULAR SEASON,E2007,248,SOP,PASG,VAN DEN SPIEGEL_ TOMAS,2FGA,Missed Two Pointer,0,-17,158,D,None,None,None,22,08:00,36,49,1970-01-01
2007_003_250,2007_003,SOP-CSK,1,REGULAR SEASON,E2007,250,CSK,PALR,SAVRASENKO_ ALEKSEY,2FGAB,Missed Two Pointer,0,5,115,C,None,None,None,22,08:00,36,49,1970-01-01
2007_003_254,2007_003,SOP-CSK,1,REGULAR SEASON,E2007,254,SOP,PTGA,WAGNER_ DAJUAN,2FGM,Two Pointer,2,-97,182,D,None,None,None,22,08:00,38,49,1970-01-01
2007_003_258,2007_003,SOP-CSK,1,REGULAR SEASON,E2007,258,CSK,PBEB,LANGDON_ TRAJAN,3FGA,Missed Three Pointer,0,-233,630,J,None,None,None,23,07:00,38,49,1970-01-01
2007_003_260,2007_003,SOP-CSK,1,REGULAR SEASON,E2007,260,SOP,PTGA,WAGNER_ DAJUAN,2FGA,Missed Two Pointer,0,-197,69,D,None,None,None,23,07:00,38,49,1970-01-01
2007_003_266,2007_003,SOP-CSK,1,REGULAR SEASON,E2007,266,SOP,PTGA,WAGNER_ DAJUAN,2FGA,Missed Two Pointer,0,-94,69,D,None,None,None,24,06:00,38,49,1970-01-01
2007_003_268,2007_003,SOP-CSK,1,REGULAR SEASON,E2007,268,SOP,PKVL,BEST_ TRAVIS,2FGM,Two Pointer,2,-289,333,E,None,None,None,24,06:00,40,49,1970-01-01
2007_003_271,2007_003,SOP-CSK,1,REGULAR SEASON,E2007,271,CSK,PAKT,ANDERSEN_ DAVID,2FGM,Two Pointer,2,366,92,B,None,None,None,24,06:00,40,51,1970-01-01
2007_003_274,2007_003,SOP-CSK,1,REGULAR SEASON,E2007,274,SOP,PABC,GUROVIC_ MILAN,3FGA,Missed Three Pointer,0,-2,723,J,None,None,None,25,05:00,40,51,1970-01-01
2007_003_281,2007_003,SOP-CSK,1,REGULAR SEASON,E2007,281,SOP,PABC,GUROVIC_ MILAN,2FGA,Missed Two Pointer,0,66,333,C,None,None,None,25,05:00,40,51,1970-01-01
2007_003_287,2007_003,SOP-CSK,1,REGULAR SEASON,E2007,287,CSK,PAKT,ANDERSEN_ DAVID,2FGM,Two Pointer,2,-228,271,E,None,None,None,25,05:00,40,53,1970-01-01
2007_003_291,2007_003,SOP-CSK,1,REGULAR SEASON,E2007,291,SOP,PABC,GUROVIC_ MILAN,3FGA,Missed Three Pointer,0,-151,687,J,None,None,None,26,04:00,40,53,1970-01-01
2007_003_293,2007_003,SOP-CSK,1,REGULAR SEASON,E2007,293,CSK,PAQO,HOLDEN_ JON ROBERT,2FGA,Missed Two Pointer,0,-58,584,I,None,None,None,27,03:00,40,53,1970-01-01
2007_003_297,2007_003,SOP-CSK,1,REGULAR SEASON,E2007,297,SOP,PABC,GUROVIC_ MILAN,FTM,Free Throw In,1,-1,-1,,None,None,None,27,03:00,41,53,1970-01-01
2007_003_298,2007_003,SOP-CSK,1,REGULAR SEASON,E2007,298,SOP,PABC,GUROVIC_ MILAN,FTM,Free Throw In,1,-1,-1,,None,None,None,27,03:00,42,53,1970-01-01
2007_003_306,2007_003,SOP-CSK,1,REGULAR SEASON,E2007,306,CSK,PATW,PAPALOUKAS_ THEODOROS,FTM,Free Throw In,1,-1,-1,,None,None,None,27,03:00,42,54,1970-01-01
2007_003_307,2007_003,SOP-CSK,1,REGULAR SEASON,E2007,307,SOP,PABC,GUROVIC_ MILAN,3FGA,Missed Three Pointer,0,-684,25,F,None,None,None,27,03:00,42,54,1970-01-01
2007_003_309,2007_003,SOP-CSK,1,REGULAR SEASON,E2007,309,CSK,PAKT,ANDERSEN_ DAVID,3FGM,Three Pointer,3,-279,630,J,None,None,None,27,03:00,42,57,1970-01-01
2007_003_315,2007_003,SOP-CSK,1,REGULAR SEASON,E2007,315,SOP,PTGA,WAGNER_ DAJUAN,3FGA,Missed Three Pointer,0,207,669,G,None,None,None,28,02:00,42,57,1970-01-01
2007_003_317,2007_003,SOP-CSK,1,REGULAR SEASON,E2007,317,SOP,PTGA,WAGNER_ DAJUAN,2FGM,Two Pointer,2,-105,56,D,None,None,None,28,02:00,44,57,1970-01-01
2007_003_320,2007_003,SOP-CSK,1,REGULAR SEASON,E2007,320,CSK,PJMM,SISKAUSKAS_ RAMUNAS,FTM,Free Throw In,1,-1,-1,,None,None,None,28,02:00,44,58,1970-01-01
2007_003_321,2007_003,SOP-CSK,1,REGULAR SEASON,E2007,321,CSK,PJMM,SISKAUSKAS_ RAMUNAS,FTM,Free Throw In,1,-1,-1,,None,None,None,28,02:00,44,59,1970-01-01
2007_003_324,2007_003,SOP-CSK,1,REGULAR SEASON,E2007,324,SOP,PTGA,WAGNER_ DAJUAN,2FGA,Missed Two Pointer,0,-41,102,D,None,None,None,28,02:00,44,59,1970-01-01
2007_003_326,2007_003,SOP-CSK,1,REGULAR SEASON,E2007,326,CSK,PJMM,SISKAUSKAS_ RAMUNAS,3FGM,Three Pointer,3,615,305,A,None,None,None,28,02:00,44,62,1970-01-01
2007_003_331,2007_003,SOP-CSK,1,REGULAR SEASON,E2007,331,SOP,PACY,SLANINA_ DONATAS,FTM,Free Throw In,1,-1,-1,,None,None,None,29,01:00,45,62,1970-01-01
2007_003_332,2007_003,SOP-CSK,1,REGULAR SEASON,E2007,332,SOP,PACY,SLANINA_ DONATAS,FTM,Free Throw In,1,-1,-1,,None,None,None,29,01:00,46,62,1970-01-01
2007_003_337,2007_003,SOP-CSK,1,REGULAR SEASON,E2007,337,CSK,PJMM,SISKAUSKAS_ RAMUNAS,FTM,Free Throw In,1,-1,-1,,None,None,None,29,01:00,46,63,1970-01-01
2007_003_338,2007_003,SOP-CSK,1,REGULAR SEASON,E2007,338,CSK,PJMM,SISKAUSKAS_ RAMUNAS,FTM,Free Throw In,1,-1,-1,,None,None,None,29,01:00,46,64,1970-01-01
2007_003_343,2007_003,SOP-CSK,1,REGULAR SEASON,E2007,343,SOP,PASG,VAN DEN SPIEGEL_ TOMAS,FTM,Free Throw In,1,-1,-1,,None,None,None,29,01:00,47,64,1970-01-01
2007_003_344,2007_003,SOP-CSK,1,REGULAR SEASON,E2007,344,SOP,PASG,VAN DEN SPIEGEL_ TOMAS,FTM,Free Throw In,1,-1,-1,,None,None,None,29,01:00,48,64,1970-01-01
2007_003_345,2007_003,SOP-CSK,1,REGULAR SEASON,E2007,345,CSK,PALC,SMODIS_ MATJAZ,3FGA,Missed Three Pointer,0,-217,651,J,None,None,None,29,01:00,48,64,1970-01-01
2007_003_347,2007_003,SOP-CSK,1,REGULAR SEASON,E2007,347,CSK,PATW,PAPALOUKAS_ THEODOROS,2FGM,Two Pointer,2,-84,97,D,None,None,None,29,01:00,48,66,1970-01-01
2007_003_348,2007_003,SOP-CSK,1,REGULAR SEASON,E2007,348,SOP,PCLQ,DYLEWICZ_ FILIP,2FGM,Two Pointer,2,-92,51,D,None,None,None,29,01:00,50,66,1970-01-01
2007_003_349,2007_003,SOP-CSK,1,REGULAR SEASON,E2007,349,CSK,PALC,SMODIS_ MATJAZ,3FGM,Three Pointer,3,320,589,G,None,None,None,29,01:00,50,69,1970-01-01
2007_003_354,2007_003,SOP-CSK,1,REGULAR SEASON,E2007,354,CSK,PAUC,GOREE_ MARCUS,2FGA,Missed Two Pointer,0,400,100,B,None,None,None,31,09:00,50,69,1970-01-01
2007_003_356,2007_003,SOP-CSK,1,REGULAR SEASON,E2007,356,CSK,PALC,SMODIS_ MATJAZ,2FGM,Two Pointer,2,-48,20,D,None,None,None,31,09:00,50,71,1970-01-01
2007_003_357,2007_003,SOP-CSK,1,REGULAR SEASON,E2007,357,SOP,PABC,GUROVIC_ MILAN,2FGM,Two Pointer,2,-35,17,D,None,None,None,31,09:00,52,71,1970-01-01
2007_003_359,2007_003,SOP-CSK,1,REGULAR SEASON,E2007,359,CSK,PATW,PAPALOUKAS_ THEODOROS,2FGA,Missed Two Pointer,0,61,269,C,None,None,None,31,09:00,52,71,1970-01-01
2007_003_365,2007_003,SOP-CSK,1,REGULAR SEASON,E2007,365,CSK,PALC,SMODIS_ MATJAZ,3FGM,Three Pointer,3,-66,682,J,None,None,None,31,09:00,52,74,1970-01-01
2007_003_369,2007_003,SOP-CSK,1,REGULAR SEASON,E2007,369,CSK,PAUC,GOREE_ MARCUS,3FGM,Three Pointer,3,451,517,G,None,None,None,32,08:00,52,77,1970-01-01
2007_003_371,2007_003,SOP-CSK,1,REGULAR SEASON,E2007,371,SOP,PACY,SLANINA_ DONATAS,2FGM,Two Pointer,2,7,543,H,None,None,None,33,07:00,54,77,1970-01-01
2007_003_388,2007_003,SOP-CSK,1,REGULAR SEASON,E2007,388,SOP,PBCM,HARISSIS_ CHRISTOS,2FGM,Two Pointer,2,-15,179,D,None,None,None,33,07:00,56,77,1970-01-01
2007_003_390,2007_003,SOP-CSK,1,REGULAR SEASON,E2007,390,CSK,PBEB,LANGDON_ TRAJAN,3FGA,Missed Three Pointer,0,-297,623,J,None,None,None,34,06:00,56,77,1970-01-01
2007_003_392,2007_003,SOP-CSK,1,REGULAR SEASON,E2007,392,SOP,PTGA,WAGNER_ DAJUAN,2FGA,Missed Two Pointer,0,189,179,C,None,None,None,34,06:00,56,77,1970-01-01
2007_003_394,2007_003,SOP-CSK,1,REGULAR SEASON,E2007,394,CSK,PALC,SMODIS_ MATJAZ,2FGM,Two Pointer,2,-74,58,D,None,None,None,34,06:00,56,79,1970-01-01
2007_003_397,2007_003,SOP-CSK,1,REGULAR SEASON,E2007,397,SOP,PABC,GUROVIC_ MILAN,2FGAB,Missed Two Pointer,0,92,35,C,None,None,None,35,05:00,56,79,1970-01-01
2007_003_401,2007_003,SOP-CSK,1,REGULAR SEASON,E2007,401,CSK,PATW,PAPALOUKAS_ THEODOROS,3FGA,Missed Three Pointer,0,-310,625,J,None,None,None,35,05:00,56,79,1970-01-01
2007_003_408,2007_003,SOP-CSK,1,REGULAR SEASON,E2007,408,SOP,PBCM,HARISSIS_ CHRISTOS,2FGM,Two Pointer,2,-592,97,E,None,None,None,35,05:00,58,79,1970-01-01
2007_003_409,2007_003,SOP-CSK,1,REGULAR SEASON,E2007,409,CSK,PALC,SMODIS_ MATJAZ,2FGA,Missed Two Pointer,0,315,66,B,None,None,None,35,05:00,58,79,1970-01-01
2007_003_411,2007_003,SOP-CSK,1,REGULAR SEASON,E2007,411,SOP,PACX,MASIULIS_ TOMAS,2FGA,Missed Two Pointer,0,-105,51,D,None,None,None,35,05:00,58,79,1970-01-01
2007_003_414,2007_003,SOP-CSK,1,REGULAR SEASON,E2007,414,CSK,PBEB,LANGDON_ TRAJAN,3FGM,Three Pointer,3,-635,205,F,None,None,None,36,04:00,58,82,1970-01-01
2007_003_416,2007_003,SOP-CSK,1,REGULAR SEASON,E2007,416,SOP,PTGA,WAGNER_ DAJUAN,2FGA,Missed Two Pointer,0,135,71,C,None,None,None,36,04:00,58,82,1970-01-01
2007_003_418,2007_003,SOP-CSK,1,REGULAR SEASON,E2007,418,CSK,PBEB,LANGDON_ TRAJAN,2FGM,Two Pointer,2,400,30,B,None,None,None,36,04:00,58,84,1970-01-01
2007_003_421,2007_003,SOP-CSK,1,REGULAR SEASON,E2007,421,SOP,PABC,GUROVIC_ MILAN,2FGM,Two Pointer,2,-84,41,D,None,None,None,37,03:00,60,84,1970-01-01
2007_003_423,2007_003,SOP-CSK,1,REGULAR SEASON,E2007,423,CSK,PABN,ZISIS_ NIKOLAOS,2FGM,Two Pointer,2,-361,451,I,None,None,None,37,03:00,60,86,1970-01-01
2007_003_424,2007_003,SOP-CSK,1,REGULAR SEASON,E2007,424,SOP,PBCE,WOLKOWYSKY_ RUBEN,3FGM,Three Pointer,3,228,633,G,None,None,None,37,03:00,63,86,1970-01-01
2007_003_426,2007_003,SOP-CSK,1,REGULAR SEASON,E2007,426,CSK,PALC,SMODIS_ MATJAZ,2FGM,Two Pointer,2,-71,100,D,None,None,None,37,03:00,63,88,1970-01-01
2007_003_429,2007_003,SOP-CSK,1,REGULAR SEASON,E2007,429,SOP,PBCE,WOLKOWYSKY_ RUBEN,3FGA,Missed Three Pointer,0,12,700,G,None,None,None,38,02:00,63,88,1970-01-01
2007_003_437,2007_003,SOP-CSK,1,REGULAR SEASON,E2007,437,CSK,PAYU,PASHUTIN_ ZAKHAR,2FGA,Missed Two Pointer,0,-151,453,I,None,None,None,38,02:00,63,88,1970-01-01
2007_003_439,2007_003,SOP-CSK,1,REGULAR SEASON,E2007,439,SOP,PABC,GUROVIC_ MILAN,2FGM,Two Pointer,2,112,35,C,None,None,None,38,02:00,65,88,1970-01-01
2007_003_441,2007_003,SOP-CSK,1,REGULAR SEASON,E2007,441,CSK,PTFF,ZABELIN_ ARTEM,2FGA,Missed Two Pointer,0,-76,105,D,None,None,None,38,02:00,65,88,1970-01-01
2007_003_448,2007_003,SOP-CSK,1,REGULAR SEASON,E2007,448,SOP,PACY,SLANINA_ DONATAS,2FGA,Missed Two Pointer,0,-269,371,E,None,None,None,39,01:00,65,88,1970-01-01
2007_003_450,2007_003,SOP-CSK,1,REGULAR SEASON,E2007,450,SOP,PBCM,HARISSIS_ CHRISTOS,2FGA,Missed Two Pointer,0,-56,161,D,None,None,None,39,01:00,65,88,1970-01-01
2007_003_452,2007_003,SOP-CSK,1,REGULAR SEASON,E2007,452,SOP,PBCM,HARISSIS_ CHRISTOS,2FGM,Two Pointer,2,-128,46,D,None,None,None,39,01:00,67,88,1970-01-01
2007_003_463,2007_003,SOP-CSK,1,REGULAR SEASON,E2007,463,SOP,PACY,SLANINA_ DONATAS,2FGM,Two Pointer,2,-71,28,D,None,None,None,40,00:00,69,88,1970-01-01
2007_003_464,2007_003,SOP-CSK,1,REGULAR SEASON,E2007,464,CSK,PABN,ZISIS_ NIKOLAOS,2FGA,Missed Two Pointer,0,69,100,C,None,None,None,40,00:00,69,88,1970-01-01
2007_003_466,2007_003,SOP-CSK,1,REGULAR SEASON,E2007,466,SOP,PBCM,HARISSIS_ CHRISTOS,3FGA,Missed Three Pointer,0,235,651,G,None,None,None,40,00:00,69,88,1970-01-01
2007_004_006,2007_004,SIE-LJU,1,REGULAR SEASON,E2007,6,LJU,PAIV,MILIC_ MARKO,2FGA,Missed Two Pointer,0,-38,189,D,None,None,None,1,09:00,0,0,1970-01-01
2007_004_010,2007_004,SIE-LJU,1,REGULAR SEASON,E2007,10,SIE,PLMO,SATO_ ROMAIN,2FGM,Two Pointer,2,-5,251,D,None,None,None,1,09:00,2,0,1970-01-01
2007_004_011,2007_004,SIE-LJU,1,REGULAR SEASON,E2007,11,LJU,PAPY,HUKIC_ JASMIN,2FGA,Missed Two Pointer,0,-74,46,D,None,None,None,1,09:00,2,0,1970-01-01
2007_004_013,2007_004,SIE-LJU,1,REGULAR SEASON,E2007,13,SIE,PKWI,MCINTYRE_ TERRELL,3FGM,Three Pointer,3,310,600,G,None,None,None,1,09:00,5,0,1970-01-01
2007_004_017,2007_004,SIE-LJU,1,REGULAR SEASON,E2007,17,LJU,PTGG,TAYLOR_ RONELL,FTM,Free Throw In,1,-1,-1,,None,None,None,2,08:00,5,1,1970-01-01
2007_004_018,2007_004,SIE-LJU,1,REGULAR SEASON,E2007,18,LJU,PTGG,TAYLOR_ RONELL,FTM,Free Throw In,1,-1,-1,,None,None,None,2,08:00,5,2,1970-01-01
2007_004_019,2007_004,SIE-LJU,1,REGULAR SEASON,E2007,19,SIE,PCCA,THORNTON_ BOOTSY,3FGA,Missed Three Pointer,0,-671,69,F,None,None,None,2,08:00,5,2,1970-01-01
2007_004_021,2007_004,SIE-LJU,1,REGULAR SEASON,E2007,21,LJU,PAIV,MILIC_ MARKO,2FGM,Two Pointer,2,10,125,C,None,None,None,2,08:00,5,4,1970-01-01
2007_004_023,2007_004,SIE-LJU,1,REGULAR SEASON,E2007,23,SIE,PCQO,EZE_ BENJAMIN,2FGM,Two Pointer,2,64,12,C,None,None,None,3,07:00,7,4,1970-01-01
2007_004_027,2007_004,SIE-LJU,1,REGULAR SEASON,E2007,27,LJU,PAIV,MILIC_ MARKO,FTM,Free Throw In,1,-1,-1,,None,None,None,3,07:00,7,5,1970-01-01
2007_004_028,2007_004,SIE-LJU,1,REGULAR SEASON,E2007,28,LJU,PAIV,MILIC_ MARKO,FTM,Free Throw In,1,-1,-1,,None,None,None,3,07:00,7,6,1970-01-01
2007_004_029,2007_004,SIE-LJU,1,REGULAR SEASON,E2007,29,SIE,PCCA,THORNTON_ BOOTSY,2FGA,Missed Two Pointer,0,-58,289,D,None,None,None,3,07:00,7,6,1970-01-01
2007_004_034,2007_004,SIE-LJU,1,REGULAR SEASON,E2007,34,LJU,PTHB,DRAGIC_ GORAN,2FGM,Two Pointer,2,-56,-2,D,None,None,None,4,06:00,7,8,1970-01-01
2007_004_035,2007_004,SIE-LJU,1,REGULAR SEASON,E2007,35,SIE,PJOC,STONEROOK_ SHAUN,3FGM,Three Pointer,3,246,625,G,None,None,None,4,06:00,10,8,1970-01-01
2007_004_043,2007_004,SIE-LJU,1,REGULAR SEASON,E2007,43,SIE,PCQO,EZE_ BENJAMIN,2FGM,Two Pointer,2,-371,33,E,None,None,None,4,06:00,12,8,1970-01-01
2007_004_045,2007_004,SIE-LJU,1,REGULAR SEASON,E2007,45,LJU,PTGG,TAYLOR_ RONELL,2FGA,Missed Two Pointer,0,-82,25,D,None,None,None,5,05:00,12,8,1970-01-01
2007_004_047,2007_004,SIE-LJU,1,REGULAR SEASON,E2007,47,LJU,P000184,BOOKER_ CHRIS,2FGA,Missed Two Pointer,0,53,35,C,None,None,None,5,05:00,12,8,1970-01-01
2007_004_053,2007_004,SIE-LJU,1,REGULAR SEASON,E2007,53,LJU,PAIV,MILIC_ MARKO,2FGA,Missed Two Pointer,0,20,79,C,None,None,None,5,05:00,12,8,1970-01-01
2007_004_055,2007_004,SIE-LJU,1,REGULAR SEASON,E2007,55,LJU,PTHB,DRAGIC_ GORAN,2FGA,Missed Two Pointer,0,-43,43,D,None,None,None,5,05:00,12,8,1970-01-01
2007_004_058,2007_004,SIE-LJU,1,REGULAR SEASON,E2007,58,SIE,PCCA,THORNTON_ BOOTSY,2FGM,Two Pointer,2,-38,20,D,None,None,None,5,05:00,14,8,1970-01-01
2007_004_060,2007_004,SIE-LJU,1,REGULAR SEASON,E2007,60,LJU,PTGG,TAYLOR_ RONELL,2FGA,Missed Two Pointer,0,56,20,C,None,None,None,6,04:00,14,8,1970-01-01
2007_004_063,2007_004,SIE-LJU,1,REGULAR SEASON,E2007,63,SIE,PCCA,THORNTON_ BOOTSY,2FGM,Two Pointer,2,-38,38,D,None,None,None,6,04:00,16,8,1970-01-01
2007_004_065,2007_004,SIE-LJU,1,REGULAR SEASON,E2007,65,LJU,PTGG,TAYLOR_ RONELL,2FGA,Missed Two Pointer,0,-87,202,D,None,None,None,6,04:00,16,8,1970-01-01
2007_004_067,2007_004,SIE-LJU,1,REGULAR SEASON,E2007,67,SIE,PBJR,KAUKENAS_ RIMANTAS,2FGA,Missed Two Pointer,0,-194,410,E,None,None,None,6,04:00,16,8,1970-01-01
2007_004_070,2007_004,SIE-LJU,1,REGULAR SEASON,E2007,70,LJU,PTGG,TAYLOR_ RONELL,3FGM,Three Pointer,3,674,94,A,None,None,None,7,03:00,16,11,1970-01-01
2007_004_072,2007_004,SIE-LJU,1,REGULAR SEASON,E2007,72,SIE,PKWI,MCINTYRE_ TERRELL,2FGA,Missed Two Pointer,0,176,153,C,None,None,None,7,03:00,16,11,1970-01-01
2007_004_075,2007_004,SIE-LJU,1,REGULAR SEASON,E2007,75,LJU,PAIV,MILIC_ MARKO,2FGM,Two Pointer,2,51,5,C,None,None,None,7,03:00,16,13,1970-01-01
2007_004_077,2007_004,SIE-LJU,1,REGULAR SEASON,E2007,77,SIE,PBJR,KAUKENAS_ RIMANTAS,2FGA,Missed Two Pointer,0,-112,107,D,None,None,None,8,02:00,16,13,1970-01-01
2007_004_079,2007_004,SIE-LJU,1,REGULAR SEASON,E2007,79,LJU,PTHB,DRAGIC_ GORAN,2FGM,Two Pointer,2,38,33,C,None,None,None,8,02:00,16,15,1970-01-01
2007_004_081,2007_004,SIE-LJU,1,REGULAR SEASON,E2007,81,SIE,PCCA,THORNTON_ BOOTSY,2FGM,Two Pointer,2,64,2,C,None,None,None,8,02:00,18,15,1970-01-01
2007_004_083,2007_004,SIE-LJU,1,REGULAR SEASON,E2007,83,LJU,PAPY,HUKIC_ JASMIN,2FGM,Two Pointer,2,-107,323,D,None,None,None,9,01:00,18,17,1970-01-01
2007_004_096,2007_004,SIE-LJU,1,REGULAR SEASON,E2007,96,SIE,PBLH,LAVRINOVIC_ KSISTOF,3FGA,Missed Three Pointer,0,-682,-33,F,None,None,None,9,01:00,18,17,1970-01-01
2007_004_100,2007_004,SIE-LJU,1,REGULAR SEASON,E2007,100,SIE,PKWI,MCINTYRE_ TERRELL,2FGA,Missed Two Pointer,0,-156,525,I,None,None,None,9,01:00,18,17,1970-01-01
2007_004_104,2007_004,SIE-LJU,1,REGULAR SEASON,E2007,104,SIE,PCCA,THORNTON_ BOOTSY,3FGA,Missed Three Pointer,0,-523,471,J,None,None,None,9,01:00,18,17,1970-01-01
2007_004_112,2007_004,SIE-LJU,1,REGULAR SEASON,E2007,112,LJU,PTGK,BAILEY_ MAURICE,FTM,Free Throw In,1,-1,-1,,None,None,None,9,01:00,18,18,1970-01-01
2007_004_118,2007_004,SIE-LJU,1,REGULAR SEASON,E2007,118,SIE,PBLH,LAVRINOVIC_ KSISTOF,FTM,Free Throw In,1,-1,-1,,None,None,None,10,00:00,19,18,1970-01-01
2007_004_119,2007_004,SIE-LJU,1,REGULAR SEASON,E2007,119,SIE,PBLH,LAVRINOVIC_ KSISTOF,FTM,Free Throw In,1,-1,-1,,None,None,None,10,00:00,20,18,1970-01-01
2007_004_124,2007_004,SIE-LJU,1,REGULAR SEASON,E2007,124,LJU,PTGK,BAILEY_ MAURICE,2FGA,Missed Two Pointer,0,-12,256,D,None,None,None,10,00:00,20,18,1970-01-01
2007_004_134,2007_004,SIE-LJU,1,REGULAR SEASON,E2007,134,SIE,PBJR,KAUKENAS_ RIMANTAS,FTM,Free Throw In,1,-1,-1,,None,None,None,11,09:00,21,18,1970-01-01
