game_player_id,game_id,game,round,phase,season_code,player_id,is_starter,is_playing,team,dorsal,player,minutes,points,two_points_made,two_points_attempted,three_points_made,three_points_attempted,free_throws_made,free_throws_attempted,offensive_rebounds,defensive_rebounds,total_rebounds,assists,steals,turnovers,blocks_favour,blocks_against,fouls_committed,fouls_received,valuation
2007_001_PCRR      ,2007_001,OLY-BAS,1,REGULAR SEASON,E2007,PCRR,1.0,1.0,OLY,11,GREER_ LYNN TERENCE,34:23,20,3,9,2,5,8,8,2,2,4,5,1,1,0,0,3,6,23
2007_001_PJZJ      ,2007_001,OLY-BAS,1,REGULAR SEASON,E2007,PJZJ,1.0,1.0,BAS,12,TELETOVIC_ MIRZA,35:10,19,4,10,3,7,2,2,9,8,17,0,1,3,1,1,1,2,25
2007_001_P000126   ,2007_001,OLY-BAS,1,REGULAR SEASON,E2007,P000126,1.0,1.0,OLY,25,JACKSON_ MARC,29:39,21,5,13,2,2,5,5,2,1,3,3,0,1,1,1,1,3,20
2007_001_PCBX      ,2007_001,OLY-BAS,1,REGULAR SEASON,E2007,PCBX,1.0,1.0,BAS,5,PRIGIONI_ PABLO,26:45,8,0,0,2,8,2,2,1,4,5,5,1,2,0,0,4,1,8
2007_001_PBFY      ,2007_001,OLY-BAS,1,REGULAR SEASON,E2007,PBFY,0.0,1.0,OLY,4,BLAKNEY_ RODERICK,01:23,0,0,0,0,0,0,0,0,1,1,0,0,0,0,0,0,0,1
2007_001_BAS,2007_001,OLY-BAS,1,REGULAR SEASON,E2007,BAS,0.0,1.0,BAS,TOTAL,BASKONIA,200:00,90,21,44,12,31,12,15,18,24,42,17,6,13,1,6,21,17,88
2007_001_PALG      ,2007_001,OLY-BAS,1,REGULAR SEASON,E2007,PALG,0.0,1.0,OLY,14,VASILIADIS_ KOSTAS,07:20,0,0,0,0,0,0,0,0,0,0,0,1,0,1,0,2,0,0
2007_001_PANB      ,2007_001,OLY-BAS,1,REGULAR SEASON,E2007,PANB,1.0,1.0,BAS,8,RAKOCEVIC_ IGOR,25:50,10,2,10,2,4,0,0,0,3,3,3,1,2,0,2,2,1,2
2007_001_PTGX      ,2007_001,OLY-BAS,1,REGULAR SEASON,E2007,PTGX,0.0,0.0,BAS,11,FERNANDEZ_ LUCHO,DNP,0,0,0,0,0,0,0,0,0,0,0,0,0,0,0,0,0,0
2007_001_OLY,2007_001,OLY-BAS,1,REGULAR SEASON,E2007,OLY,0.0,1.0,OLY,TOTAL,OLYMPIACOS PIRAEUS B.C.,200:00,95,24,48,8,17,23,27,7,27,34,16,10,11,6,1,17,21,116
2007_001_PTFW      ,2007_001,OLY-BAS,1,REGULAR SEASON,E2007,PTFW,0.0,1.0,OLY,10,TSAKALIDIS_ JAKE,04:51,0,0,0,0,0,0,0,0,1,1,0,0,0,1,0,2,0,0
2007_001_PAFP      ,2007_001,OLY-BAS,1,REGULAR SEASON,E2007,PAFP,0.0,1.0,BAS,10,PLANINIC_ ZORAN,29:09,19,5,9,3,8,0,0,0,4,4,3,0,1,0,1,3,4,16
2007_001_PACJ      ,2007_001,OLY-BAS,1,REGULAR SEASON,E2007,PACJ,0.0,1.0,OLY,5,PAPAMAKARIOS_ MANOLIS,01:38,0,0,0,0,0,0,0,0,0,0,0,0,0,0,0,2,0,-2
2007_001_PCBY      ,2007_001,OLY-BAS,1,REGULAR SEASON,E2007,PCBY,1.0,1.0,BAS,21,SPLITTER_ TIAGO,25:20,11,5,7,0,0,1,2,5,2,7,3,1,2,0,1,2,2,16
2007_001_PAJK      ,2007_001,OLY-BAS,1,REGULAR SEASON,E2007,PAJK,0.0,1.0,BAS,9,VIDAL_ SERGI,16:33,5,0,0,1,1,2,4,0,1,1,3,1,0,0,0,1,3,10
2007_001_P000018   ,2007_001,OLY-BAS,1,REGULAR SEASON,E2007,P000018,0.0,0.0,BAS,6,GARCIA_ ANDER,DNP,0,0,0,0,0,0,0,0,0,0,0,0,0,0,0,0,0,0
2007_001_PAMM      ,2007_001,OLY-BAS,1,REGULAR SEASON,E2007,PAMM,0.0,1.0,OLY,16,PRINTEZIS_ GEORGIOS,10:41,2,1,3,0,0,0,0,0,4,4,0,0,0,0,0,1,0,3
2007_001_PTFV      ,2007_001,OLY-BAS,1,REGULAR SEASON,E2007,PTFV,1.0,1.0,OLY,6,WOODS_ QYNTEL,32:03,19,6,9,2,3,1,3,1,4,5,2,0,3,0,0,2,2,17
2007_001_PJDR      ,2007_001,OLY-BAS,1,REGULAR SEASON,E2007,PJDR,0.0,1.0,OLY,18,TEODOSIC_ MILOS,13:19,2,1,1,0,1,0,0,0,0,0,1,0,2,0,0,1,1,0
2007_001_PJTT      ,2007_001,OLY-BAS,1,REGULAR SEASON,E2007,PJTT,0.0,1.0,BAS,45,MCDONALD_ WILL,19:30,9,3,5,0,0,3,3,1,1,2,0,1,1,0,1,4,3,7
2007_001_PCBV      ,2007_001,OLY-BAS,1,REGULAR SEASON,E2007,PCBV,1.0,1.0,OLY,7,MACIJAUSKAS_ ARVYDAS,31:13,21,6,9,1,2,6,8,1,2,3,3,7,4,1,0,1,5,29
2007_001_PJRC      ,2007_001,OLY-BAS,1,REGULAR SEASON,E2007,PJRC,0.0,0.0,OLY,12,MAVROKEFALIDES_ LOUKAS,DNP,0,0,0,0,0,0,0,0,0,0,0,0,0,0,0,0,0,0
2007_001_PAQU      ,2007_001,OLY-BAS,1,REGULAR SEASON,E2007,PAQU,1.0,1.0,OLY,9,BOUROUSIS_ IOANNIS,33:30,10,2,4,1,4,3,3,1,10,11,2,1,0,2,0,2,4,23
2007_001_PJWO      ,2007_001,OLY-BAS,1,REGULAR SEASON,E2007,PJWO,1.0,1.0,BAS,33,MICKEAL_ PETE,21:43,9,2,3,1,3,2,2,0,0,0,0,0,2,0,0,4,1,1
2007_002_PJCC      ,2007_002,VIR-ZAL,1,REGULAR SEASON,E2007,PJCC,0.0,1.0,ZAL,8,MACIULIS_ JONAS,24:42,12,4,5,0,3,4,6,0,4,4,1,2,5,1,0,4,5,10
2007_002_PADX      ,2007_002,VIR-ZAL,1,REGULAR SEASON,E2007,PADX,1.0,1.0,ZAL,11,ZUKAUSKAS_ EURELJUS,16:23,4,2,3,0,0,0,2,0,3,3,5,2,1,1,0,1,1,11
2007_002_PBDB      ,2007_002,VIR-ZAL,1,REGULAR SEASON,E2007,PBDB,1.0,1.0,ZAL,41,COLLINS_ DE JUAN,35:51,11,4,5,0,4,3,4,1,8,9,3,3,4,0,0,1,4,19
2007_002_ZAL,2007_002,VIR-ZAL,1,REGULAR SEASON,E2007,ZAL,0.0,1.0,ZAL,TOTAL,ZALGIRIS KAUNAS,200:00,75,22,32,6,28,13,21,13,24,37,14,17,21,2,1,18,21,86
2007_002_PKPD      ,2007_002,VIR-ZAL,1,REGULAR SEASON,E2007,PKPD,0.0,0.0,ZAL,12,MILAKNIS_ ARTURAS,DNP,0,0,0,0,0,0,0,0,0,0,0,0,0,0,0,0,0,0
2007_002_PBWI      ,2007_002,VIR-ZAL,1,REGULAR SEASON,E2007,PBWI,1.0,1.0,ZAL,13,JANKUNAS_ PAULIUS,21:50,15,7,8,0,2,1,1,1,0,1,2,1,1,0,0,3,1,13
2007_002_PLHB      ,2007_002,VIR-ZAL,1,REGULAR SEASON,E2007,PLHB,0.0,1.0,VIR,20,GARRI_ LUCA,11:41,4,2,5,0,1,0,0,3,0,3,0,0,0,0,0,0,1,4
2007_002_PBDE      ,2007_002,VIR-ZAL,1,REGULAR SEASON,E2007,PBDE,0.0,1.0,ZAL,4,JURAK_ GORAN,18:15,6,2,4,0,2,2,2,4,5,9,0,1,3,0,0,2,1,8
2007_002_PBTR      ,2007_002,VIR-ZAL,1,REGULAR SEASON,E2007,PBTR,0.0,1.0,ZAL,6,BEARD_ TANOKA,23:32,7,2,4,0,1,3,6,3,3,6,1,3,4,0,0,1,3,9
2007_002_VIR,2007_002,VIR-ZAL,1,REGULAR SEASON,E2007,VIR,0.0,1.0,VIR,TOTAL,VIRTUS VIDIVICI BOLOGNA,200:00,81,27,50,6,17,9,11,10,20,30,8,14,17,3,1,20,18,80
2007_002_PATP      ,2007_002,VIR-ZAL,1,REGULAR SEASON,E2007,PATP,0.0,1.0,ZAL,24,POPOVIC_ MARKO,19:18,9,0,1,3,6,0,0,0,0,0,2,1,2,0,0,1,2,7
2007_002_PLGN      ,2007_002,VIR-ZAL,1,REGULAR SEASON,E2007,PLGN,0.0,0.0,ZAL,7,PECIUKAS_ VAIDOTAS,DNP,0,0,0,0,0,0,0,0,0,0,0,0,0,0,0,0,0,0
2007_002_PANY      ,2007_002,VIR-ZAL,1,REGULAR SEASON,E2007,PANY,1.0,1.0,ZAL,10,SALENGA_ DAINIUS,11:16,5,1,2,1,3,0,0,1,0,1,0,1,0,0,1,0,1,4
2007_002_PAHT      ,2007_002,VIR-ZAL,1,REGULAR SEASON,E2007,PAHT,1.0,1.0,ZAL,5,BROWN_ MARCUS,24:39,6,0,0,2,7,0,0,0,0,0,0,1,1,0,0,5,3,-1
2007_002_PTGS      ,2007_002,VIR-ZAL,1,REGULAR SEASON,E2007,PTGS,0.0,0.0,VIR,19,DA ROS_ MATTEO,DNP,0,0,0,0,0,0,0,0,0,0,0,0,0,0,0,0,0,0
2007_002_PJBX      ,2007_002,VIR-ZAL,1,REGULAR SEASON,E2007,PJBX,0.0,1.0,ZAL,9,KALNIETIS_ MANTAS,04:14,0,0,0,0,0,0,0,0,0,0,0,0,0,0,0,0,0,0
2007_002_PBEW      ,2007_002,VIR-ZAL,1,REGULAR SEASON,E2007,PBEW,1.0,1.0,VIR,14,CHIACIG_ ROBERTO,14:08,6,3,8,0,0,0,0,2,0,2,0,0,1,1,0,4,0,-1
2007_002_PTGO      ,2007_002,VIR-ZAL,1,REGULAR SEASON,E2007,PTGO,0.0,1.0,VIR,11,CROSARIOL_ ANDREA,25:52,8,4,5,0,0,0,0,3,5,8,0,1,2,2,0,1,0,15
2007_002_P000079   ,2007_002,VIR-ZAL,1,REGULAR SEASON,E2007,P000079,0.0,0.0,VIR,17,CANELO_ JEAN CARLOS,DNP,0,0,0,0,0,0,0,0,0,0,0,0,0,0,0,0,0,0
2007_002_PBXA      ,2007_002,VIR-ZAL,1,REGULAR SEASON,E2007,PBXA,1.0,1.0,VIR,12,GIOVANNONI_ GUILHERME,28:19,9,3,7,1,3,0,0,0,5,5,2,4,0,0,0,3,3,14
2007_002_PTGM      ,2007_002,VIR-ZAL,1,REGULAR SEASON,E2007,PTGM,1.0,1.0,VIR,6,SPENCER_ DEWARICK,26:42,8,4,8,0,1,0,0,0,2,2,2,2,1,0,0,1,1,8
2007_002_PTGV      ,2007_002,VIR-ZAL,1,REGULAR SEASON,E2007,PTGV,0.0,1.0,VIR,9,ANDERSON_ ALAN,28:01,28,6,9,3,6,7,8,1,2,3,1,2,4,0,0,3,8,28
2007_002_PTGT      ,2007_002,VIR-ZAL,1,REGULAR SEASON,E2007,PTGT,1.0,1.0,VIR,8,CONROY_ WILL,22:53,11,2,3,2,3,1,1,0,1,1,0,2,3,0,0,3,2,8
2007_002_PTGQ      ,2007_002,VIR-ZAL,1,REGULAR SEASON,E2007,PTGQ,0.0,1.0,VIR,16,DI BELLA_ FABIO,24:47,6,3,4,0,1,0,0,1,3,4,2,2,3,0,0,4,2,7
2007_002_PTGZ      ,2007_002,VIR-ZAL,1,REGULAR SEASON,E2007,PTGZ,1.0,1.0,VIR,18,LESTINI_ FEDERICO,17:37,1,0,1,0,2,1,2,0,1,1,1,1,1,0,1,1,1,-2
2007_002_P000078   ,2007_002,VIR-ZAL,1,REGULAR SEASON,E2007,P000078,0.0,0.0,VIR,13,NOVI_ MICHELE,DNP,0,0,0,0,0,0,0,0,0,0,0,0,0,0,0,0,0,0
2007_003_CSK,2007_003,SOP-CSK,1,REGULAR SEASON,E2007,CSK,0.0,1.0,CSK,TOTAL,CSKA MOSCOW,200:00,88,23,40,11,21,9,13,6,23,29,17,4,8,1,5,18,17,94
2007_003_PBEB      ,2007_003,SOP-CSK,1,REGULAR SEASON,E2007,PBEB,1.0,1.0,CSK,21,LANGDON_ TRAJAN,29:29,7,2,3,1,3,0,0,0,3,3,0,0,1,0,1,2,0,3
2007_003_PKVZ      ,2007_003,SOP-CSK,1,REGULAR SEASON,E2007,PKVZ,0.0,1.0,CSK,23,SHVED_ ALEXEY,02:34,0,0,0,0,0,0,0,0,0,0,0,0,0,0,0,1,0,-1
2007_003_PAUC      ,2007_003,SOP-CSK,1,REGULAR SEASON,E2007,PAUC,0.0,1.0,CSK,22,GOREE_ MARCUS,19:19,3,0,1,1,1,0,0,0,3,3,1,0,0,1,0,1,1,7
2007_003_PATW      ,2007_003,SOP-CSK,1,REGULAR SEASON,E2007,PATW,0.0,1.0,CSK,4,PAPALOUKAS_ THEODOROS,19:14,8,2,5,1,3,1,2,1,2,3,8,2,1,0,1,1,4,16
2007_003_PBCE      ,2007_003,SOP-CSK,1,REGULAR SEASON,E2007,PBCE,0.0,1.0,SOP,14,WOLKOWYSKY_ RUBEN,15:15,3,0,0,1,2,0,0,0,0,0,0,0,1,0,0,1,0,0
2007_003_PCLQ      ,2007_003,SOP-CSK,1,REGULAR SEASON,E2007,PCLQ,0.0,1.0,SOP,8,DYLEWICZ_ FILIP,18:20,2,1,1,0,0,0,0,0,5,5,3,0,1,0,0,1,0,8
2007_003_PACY      ,2007_003,SOP-CSK,1,REGULAR SEASON,E2007,PACY,0.0,1.0,SOP,13,SLANINA_ DONATAS,17:47,10,4,5,0,1,2,2,0,1,1,0,2,4,0,0,1,1,7
2007_003_PBCM      ,2007_003,SOP-CSK,1,REGULAR SEASON,E2007,PBCM,0.0,1.0,SOP,10,HARISSIS_ CHRISTOS,20:15,9,3,4,1,3,0,0,1,2,3,3,1,1,0,0,2,2,12
2007_003_PABN      ,2007_003,SOP-CSK,1,REGULAR SEASON,E2007,PABN,0.0,1.0,CSK,6,ZISIS_ NIKOLAOS,25:57,15,4,5,2,2,1,1,1,2,3,2,0,1,0,0,2,1,17
2007_003_P000070   ,2007_003,SOP-CSK,1,REGULAR SEASON,E2007,P000070,0.0,0.0,SOP,18,STELMACH_ PIOTR,DNP,0,0,0,0,0,0,0,0,0,0,0,0,0,0,0,0,0,0
2007_003_SOP,2007_003,SOP-CSK,1,REGULAR SEASON,E2007,SOP,0.0,1.0,SOP,TOTAL,PROKOM TREFL SOPOT,200:00,69,21,39,5,16,12,14,5,21,26,11,5,12,5,1,18,17,71
2007_003_PAKT      ,2007_003,SOP-CSK,1,REGULAR SEASON,E2007,PAKT,0.0,1.0,CSK,13,ANDERSEN_ DAVID,16:34,10,2,5,2,3,0,0,2,3,5,0,1,1,0,0,4,2,9
2007_003_PACX      ,2007_003,SOP-CSK,1,REGULAR SEASON,E2007,PACX,1.0,1.0,SOP,7,MASIULIS_ TOMAS,21:40,2,0,1,0,0,2,4,0,5,5,2,0,0,1,0,3,3,7
2007_003_PTGA      ,2007_003,SOP-CSK,1,REGULAR SEASON,E2007,PTGA,1.0,1.0,SOP,9,WAGNER_ DAJUAN,23:43,10,4,12,0,1,2,2,1,1,2,1,0,0,0,0,2,3,5
2007_003_PAQO      ,2007_003,SOP-CSK,1,REGULAR SEASON,E2007,PAQO,1.0,1.0,CSK,10,HOLDEN_ JON ROBERT,18:44,6,3,4,0,2,0,0,0,2,2,3,0,1,0,0,0,2,9
2007_003_PTFF      ,2007_003,SOP-CSK,1,REGULAR SEASON,E2007,PTFF,0.0,1.0,CSK,15,ZABELIN_ ARTEM,02:34,0,0,1,0,0,0,0,0,0,0,0,0,0,0,0,0,0,-1
2007_003_PALC      ,2007_003,SOP-CSK,1,REGULAR SEASON,E2007,PALC,1.0,1.0,CSK,8,SMODIS_ MATJAZ,26:14,18,6,9,2,4,0,0,2,5,7,2,0,1,0,1,3,1,18
2007_003_PJMM      ,2007_003,SOP-CSK,1,REGULAR SEASON,E2007,PJMM,1.0,1.0,CSK,9,SISKAUSKAS_ RAMUNAS,18:22,13,1,1,2,3,5,8,0,0,0,0,1,0,0,0,2,3,11
2007_003_PAYU      ,2007_003,SOP-CSK,1,REGULAR SEASON,E2007,PAYU,0.0,1.0,CSK,11,PASHUTIN_ ZAKHAR,05:40,0,0,1,0,0,0,0,0,1,1,1,0,1,0,0,1,0,-1
2007_003_PASG      ,2007_003,SOP-CSK,1,REGULAR SEASON,E2007,PASG,1.0,1.0,SOP,22,VAN DEN SPIEGEL_ TOMAS,24:45,6,2,3,0,0,2,2,1,3,4,0,0,3,4,0,4,3,9
2007_003_PLPY      ,2007_003,SOP-CSK,1,REGULAR SEASON,E2007,PLPY,0.0,0.0,SOP,17,ZAMOJSKI_ PRZEMYSLAW,DNP,0,0,0,0,0,0,0,0,0,0,0,0,0,0,0,0,0,0
2007_003_PKVL      ,2007_003,SOP-CSK,1,REGULAR SEASON,E2007,PKVL,1.0,1.0,SOP,6,BEST_ TRAVIS,19:45,2,1,1,0,2,0,0,0,1,1,1,0,2,0,0,2,0,-2
2007_003_PABC      ,2007_003,SOP-CSK,1,REGULAR SEASON,E2007,PABC,1.0,1.0,SOP,15,GUROVIC_ MILAN,31:31,25,6,11,3,7,4,4,1,3,4,1,2,0,0,1,1,5,26
2007_003_PTFZ      ,2007_003,SOP-CSK,1,REGULAR SEASON,E2007,PTFZ,0.0,1.0,SOP,5,ROSZYK_ KRZYSZTOF,06:59,0,0,1,0,0,0,0,1,0,1,0,0,0,0,0,1,0,-1
2007_003_PALR      ,2007_003,SOP-CSK,1,REGULAR SEASON,E2007,PALR,1.0,1.0,CSK,14,SAVRASENKO_ ALEKSEY,15:19,8,3,5,0,0,2,2,0,2,2,0,0,1,0,2,1,3,7
2007_004_PTGI      ,2007_004,SIE-LJU,1,REGULAR SEASON,E2007,PTGI,0.0,1.0,LJU,4,DONCIC_ SASA,07:21,0,0,0,0,0,0,0,0,2,2,0,0,0,0,0,1,0,1
2007_004_PJOC      ,2007_004,SIE-LJU,1,REGULAR SEASON,E2007,PJOC,1.0,1.0,SIE,20,STONEROOK_ SHAUN,17:51,3,0,0,1,3,0,0,0,5,5,0,1,1,0,0,3,3,6
2007_004_PLMK      ,2007_004,SIE-LJU,1,REGULAR SEASON,E2007,PLMK,0.0,1.0,SIE,9,CARRARETTO_ MARCO,04:55,2,1,1,0,0,0,0,0,0,0,0,0,1,0,0,0,0,1
2007_004_PCQO      ,2007_004,SIE-LJU,1,REGULAR SEASON,E2007,PCQO,1.0,1.0,SIE,8,EZE_ BENJAMIN,22:18,6,3,5,0,0,0,0,0,3,3,0,1,1,1,0,2,0,6
2007_004_PTGK      ,2007_004,SIE-LJU,1,REGULAR SEASON,E2007,PTGK,0.0,1.0,LJU,20,BAILEY_ MAURICE,17:33,1,0,2,0,3,1,2,0,3,3,2,0,7,0,1,2,2,-8
2007_004_PBJR      ,2007_004,SIE-LJU,1,REGULAR SEASON,E2007,PBJR,0.0,1.0,SIE,13,KAUKENAS_ RIMANTAS,28:59,22,5,7,3,6,3,4,2,3,5,3,3,2,0,0,0,3,28
2007_004_PAIV      ,2007_004,SIE-LJU,1,REGULAR SEASON,E2007,PAIV,1.0,1.0,LJU,12,MILIC_ MARKO,27:46,16,6,12,0,0,4,4,3,3,6,1,2,3,0,0,4,3,15
2007_004_PKWI      ,2007_004,SIE-LJU,1,REGULAR SEASON,E2007,PKWI,1.0,1.0,SIE,5,MCINTYRE_ TERRELL,31:17,12,1,5,3,7,1,2,1,1,2,7,6,1,0,1,1,2,17
2007_004_PBLH      ,2007_004,SIE-LJU,1,REGULAR SEASON,E2007,PBLH,0.0,1.0,SIE,12,LAVRINOVIC_ KSISTOF,22:52,21,3,5,4,6,3,3,1,5,6,2,1,0,2,0,3,5,30
2007_004_LJU,2007_004,SIE-LJU,1,REGULAR SEASON,E2007,LJU,0.0,1.0,LJU,TOTAL,OLIMPIJA,200:00,52,15,40,4,13,10,13,9,27,36,11,8,22,2,4,18,14,42
2007_004_PLHD      ,2007_004,SIE-LJU,1,REGULAR SEASON,E2007,PLHD,0.0,1.0,LJU,24,ZUPAN_ MIHA,13:03,5,1,2,1,3,0,0,0,3,3,2,1,0,0,0,4,0,4
2007_004_PJBJ      ,2007_004,SIE-LJU,1,REGULAR SEASON,E2007,PJBJ,0.0,1.0,LJU,15,BEGIC_ MIRZA,12:38,0,0,1,0,0,0,0,0,2,2,0,1,2,1,1,1,0,-1
2007_004_PTHB      ,2007_004,SIE-LJU,1,REGULAR SEASON,E2007,PTHB,1.0,1.0,LJU,9,DRAGIC_ GORAN,33:11,6,3,7,0,1,0,0,2,2,4,4,0,5,0,1,2,1,2
2007_004_P000184   ,2007_004,SIE-LJU,1,REGULAR SEASON,E2007,P000184,1.0,1.0,LJU,6,BOOKER_ CHRIS,25:45,5,2,4,0,1,1,2,3,3,6,1,0,0,1,0,1,1,9
2007_004_PTGG      ,2007_004,SIE-LJU,1,REGULAR SEASON,E2007,PTGG,1.0,1.0,LJU,30,TAYLOR_ RONELL,25:28,5,0,6,1,1,2,2,1,3,4,0,0,2,0,1,0,1,1
2007_004_PLVZ      ,2007_004,SIE-LJU,1,REGULAR SEASON,E2007,PLVZ,0.0,0.0,SIE,19,CROTTA_ STEFANO,DNP,0,0,0,0,0,0,0,0,0,0,0,0,0,0,0,0,0,0
2007_004_PBFR      ,2007_004,SIE-LJU,1,REGULAR SEASON,E2007,PBFR,0.0,0.0,SIE,4,BERTI_ SIMONE,DNP,0,0,0,0,0,0,0,0,0,0,0,0,0,0,0,0,0,0
2007_004_PAPS      ,2007_004,SIE-LJU,1,REGULAR SEASON,E2007,PAPS,0.0,1.0,SIE,6,ILIEVSKI_ VLADO,21:03,4,1,2,0,2,2,4,0,2,2,3,5,0,0,0,0,3,12
2007_004_PAPY      ,2007_004,SIE-LJU,1,REGULAR SEASON,E2007,PAPY,1.0,1.0,LJU,13,HUKIC_ JASMIN,33:28,14,3,5,2,4,2,3,0,6,6,1,4,1,0,0,3,6,22
2007_004_PJHL      ,2007_004,SIE-LJU,1,REGULAR SEASON,E2007,PJHL,0.0,1.0,SIE,14,RESS_ TOMAS,16:59,0,0,2,0,1,0,0,1,3,4,2,1,0,0,0,1,1,4
2007_004_PCCA      ,2007_004,SIE-LJU,1,REGULAR SEASON,E2007,PCCA,1.0,1.0,SIE,11,THORNTON_ BOOTSY,19:06,8,4,6,0,3,0,0,0,4,4,2,0,1,1,1,1,1,8
2007_004_PLMO      ,2007_004,SIE-LJU,1,REGULAR SEASON,E2007,PLMO,1.0,1.0,SIE,10,SATO_ ROMAIN,14:40,2,1,3,0,0,0,0,0,4,4,0,0,1,0,0,3,0,0
2007_004_PTGJ      ,2007_004,SIE-LJU,1,REGULAR SEASON,E2007,PTGJ,0.0,0.0,LJU,7,MOCNIK_ JAN,DNP,0,0,0,0,0,0,0,0,0,0,0,0,0,0,0,0,0,0
2007_004_P000183   ,2007_004,SIE-LJU,1,REGULAR SEASON,E2007,P000183,0.0,1.0,LJU,23,ANDERSON_ LUKE BURKETT,03:47,0,0,1,0,0,0,0,0,0,0,0,0,2,0,0,0,0,-3
2007_004_SIE,2007_004,SIE-LJU,1,REGULAR SEASON,E2007,SIE,0.0,1.0,SIE,TOTAL,MONTEPASCHI,200:00,80,19,36,11,28,9,13,5,30,35,19,18,8,4,2,14,18,112
2007_005_PJIX      ,2007_005,ARI-MAL,1,REGULAR SEASON,E2007,PJIX,0.0,1.0,ARI,15,AGADAKOS_ LAZAROS,10:40,5,1,1,1,1,0,2,1,2,3,0,0,1,0,0,2,1,4
2007_005_PKRF      ,2007_005,ARI-MAL,1,REGULAR SEASON,E2007,PKRF,0.0,1.0,ARI,10,ILIADIS_ SAVVAS,10:02,5,1,1,0,1,3,3,1,1,2,0,0,0,0,0,0,2,8
2007_005_PJXV      ,2007_005,ARI-MAL,1,REGULAR SEASON,E2007,PJXV,1.0,1.0,ARI,4,CASTLE_ TERREL,19:29,3,1,3,0,0,1,2,0,2,2,2,1,1,0,0,2,2,4
2007_005_PBDH      ,2007_005,ARI-MAL,1,REGULAR SEASON,E2007,PBDH,1.0,1.0,ARI,13,MOTTOLA_ HANNO,24:08,9,2,3,1,3,2,2,0,3,3,0,0,2,1,0,4,1,5
2007_005_PTEO      ,2007_005,ARI-MAL,1,REGULAR SEASON,E2007,PTEO,0.0,1.0,ARI,5,TERRY_ REYSHAWN,25:18,18,2,5,1,2,11,11,0,3,3,1,3,2,2,0,5,5,21
2007_005_PLGV      ,2007_005,ARI-MAL,1,REGULAR SEASON,E2007,PLGV,1.0,1.0,ARI,14,MASSEY_ JEREMIAH,26:09,20,7,10,0,1,6,8,5,3,8,0,0,0,1,0,4,4,23
2007_005_PAPI      ,2007_005,ARI-MAL,1,REGULAR SEASON,E2007,PAPI,0.0,1.0,ARI,9,KALAITZIS_ GEORGIOS,22:23,3,1,1,0,0,1,2,1,2,3,3,2,1,2,0,4,2,9
2007_005_PTEM      ,2007_005,ARI-MAL,1,REGULAR SEASON,E2007,PTEM,1.0,1.0,ARI,8,WRIGHT_ BRACEY,29:18,13,4,13,0,1,5,8,1,0,1,2,2,3,0,2,1,6,5
2007_005_PBAO      ,2007_005,ARI-MAL,1,REGULAR SEASON,E2007,PBAO,0.0,1.0,ARI,7,SERAPINAS_ SIMONAS,08:16,0,0,0,0,0,0,0,0,0,0,0,0,1,0,0,1,0,-2
2007_005_PTEN      ,2007_005,ARI-MAL,1,REGULAR SEASON,E2007,PTEN,0.0,0.0,ARI,19,TSAIRELIS_ MICHALIS,DNP,0,0,0,0,0,0,0,0,0,0,0,0,0,0,0,0,0,0
2007_005_PKML      ,2007_005,ARI-MAL,1,REGULAR SEASON,E2007,PKML,0.0,1.0,MAL,25,SANTIAGO_ DANIEL,17:13,7,3,6,0,0,1,2,4,0,4,0,0,1,0,0,3,4,7
2007_005_ARI,2007_005,ARI-MAL,1,REGULAR SEASON,E2007,ARI,0.0,1.0,ARI,TOTAL,ARIS THESSALONIKI,200:00,87,20,39,6,12,29,38,12,16,28,9,9,15,6,2,27,26,87
2007_005_PBIM      ,2007_005,ARI-MAL,1,REGULAR SEASON,E2007,PBIM,0.0,1.0,MAL,13,GABRIEL_ GERMAN,06:10,3,0,0,1,2,0,0,0,2,2,0,0,1,0,0,2,0,1
2007_005_MAL,2007_005,ARI-MAL,1,REGULAR SEASON,E2007,MAL,0.0,1.0,MAL,TOTAL,BALONCESTO MALAGA,200:00,83,19,37,7,17,24,30,17,14,31,16,2,18,2,6,28,27,75
2007_005_PAWS      ,2007_005,ARI-MAL,1,REGULAR SEASON,E2007,PAWS,0.0,1.0,MAL,5,RODRIGUEZ_ BERNI,22:29,7,0,2,1,2,4,4,2,0,2,3,0,4,0,0,2,2,5
2007_005_PAGQ      ,2007_005,ARI-MAL,1,REGULAR SEASON,E2007,PAGQ,0.0,1.0,MAL,9,WELSCH_ JIRI,19:28,7,1,2,0,2,5,7,0,2,2,4,0,4,0,0,2,6,8
2007_005_PAFJ      ,2007_005,ARI-MAL,1,REGULAR SEASON,E2007,PAFJ,1.0,1.0,MAL,7,KUS_ DAVOR,25:04,17,6,8,1,3,2,2,0,1,1,2,0,2,0,1,3,2,12
2007_005_PLGM      ,2007_005,ARI-MAL,1,REGULAR SEASON,E2007,PLGM,1.0,1.0,ARI,16,TSALDARIS_ DIMITRIOS,24:12,11,1,2,3,3,0,0,2,0,2,1,1,4,0,0,4,3,9
2007_005_PBOV      ,2007_005,ARI-MAL,1,REGULAR SEASON,E2007,PBOV,1.0,1.0,MAL,4,POPOVIC_ BOJAN,22:57,0,0,2,0,0,0,0,1,0,1,6,0,0,0,2,3,1,1
2007_005_PAAS      ,2007_005,ARI-MAL,1,REGULAR SEASON,E2007,PAAS,1.0,1.0,MAL,20,JIMENEZ_ CARLOS,16:03,4,1,2,0,1,2,3,1,0,1,0,1,2,0,0,5,5,1
2007_005_PKMV      ,2007_005,ARI-MAL,1,REGULAR SEASON,E2007,PKMV,1.0,1.0,MAL,24,HAISLIP_ MARCUS,25:18,12,1,1,2,3,4,4,1,1,2,0,0,2,1,0,3,2,11
2007_005_PTGE      ,2007_005,ARI-MAL,1,REGULAR SEASON,E2007,PTGE,1.0,1.0,MAL,12,N'DONG_ BONIFACE,19:39,16,6,9,0,0,4,6,4,5,9,0,0,0,1,2,4,4,19
2007_005_PABK      ,2007_005,ARI-MAL,1,REGULAR SEASON,E2007,PABK,0.0,1.0,ARI,17,PANTELIADIS_ SPYRIDON,00:05,0,0,0,0,0,0,0,0,0,0,0,0,0,0,0,0,0,0
2007_005_PAWX      ,2007_005,ARI-MAL,1,REGULAR SEASON,E2007,PAWX,0.0,1.0,MAL,10,CABEZAS_ CARLOS,25:39,10,1,5,2,4,2,2,0,0,0,1,1,2,0,1,1,1,3
2007_006_PKNG      ,2007_006,CIB-IST,1,REGULAR SEASON,E2007,PKNG,1.0,1.0,IST,4,NICHOLAS_ ANDREW,33:51,13,2,3,3,7,0,0,1,2,3,3,0,5,0,0,2,1,8
2007_006_PTFG      ,2007_006,CIB-IST,1,REGULAR SEASON,E2007,PTFG,1.0,1.0,IST,6,WOODS_ LOREN,18:33,9,4,5,0,0,1,1,0,5,5,3,3,1,1,1,0,4,22
2007_006_IST,2007_006,CIB-IST,1,REGULAR SEASON,E2007,IST,0.0,1.0,IST,TOTAL,EFES PILSEN ISTANBUL,200:00,85,21,32,9,19,16,18,7,22,29,13,4,16,1,1,21,23,94
2007_006_PBXD      ,2007_006,CIB-IST,1,REGULAR SEASON,E2007,PBXD,0.0,1.0,IST,5,PENN_ JAMES,18:41,4,0,0,1,1,1,2,1,1,2,0,0,1,0,0,4,1,1
2007_006_PKOJ      ,2007_006,CIB-IST,1,REGULAR SEASON,E2007,PKOJ,1.0,1.0,IST,9,GREGORY_ KENNY,28:17,13,6,8,0,1,1,1,0,3,3,2,0,2,0,0,2,3,14
2007_006_PAWH      ,2007_006,CIB-IST,1,REGULAR SEASON,E2007,PAWH,0.0,0.0,IST,10,ABI_ MUSTAFA,DNP,0,0,0,0,0,0,0,0,0,0,0,0,0,0,0,0,0,0
2007_006_PJJV      ,2007_006,CIB-IST,1,REGULAR SEASON,E2007,PJJV,0.0,1.0,CIB,20,ROZIC_ MARIN,26:48,11,5,9,0,2,1,3,1,3,4,0,2,1,0,0,4,1,5
2007_006_P000092   ,2007_006,CIB-IST,1,REGULAR SEASON,E2007,P000092,1.0,1.0,CIB,19,PRINC_ VEDRAN,06:41,2,1,1,0,0,0,0,1,0,1,0,0,1,0,0,1,1,2
2007_006_PAPL      ,2007_006,CIB-IST,1,REGULAR SEASON,E2007,PAPL,0.0,1.0,CIB,44,MULAOMEROVIC_ DAMIR,09:01,7,0,1,2,3,1,1,0,0,0,0,1,1,0,0,1,2,6
2007_006_PBXK      ,2007_006,CIB-IST,1,REGULAR SEASON,E2007,PBXK,0.0,0.0,IST,7,AKYOL_ CENK,DNP,0,0,0,0,0,0,0,0,0,0,0,0,0,0,0,0,0,0
2007_006_PKCH      ,2007_006,CIB-IST,1,REGULAR SEASON,E2007,PKCH,1.0,1.0,IST,34,HUTSON_ ANDRE,36:20,18,4,8,0,0,10,10,3,4,7,0,0,2,0,0,3,8,24
2007_006_PBDQ      ,2007_006,CIB-IST,1,REGULAR SEASON,E2007,PBDQ,0.0,1.0,IST,17,ERDOGAN_ SERKAN,20:39,14,1,1,3,7,3,4,1,1,2,1,0,2,0,0,2,3,11
2007_006_PAWN      ,2007_006,CIB-IST,1,REGULAR SEASON,E2007,PAWN,0.0,1.0,IST,12,GONLUM_ KEREM,15:03,2,1,1,0,0,0,0,1,3,4,3,0,2,0,0,2,0,5
2007_006_PBKM      ,2007_006,CIB-IST,1,REGULAR SEASON,E2007,PBKM,0.0,1.0,IST,23,KUQO_ ERMAL,05:15,5,1,2,1,1,0,0,0,0,0,0,0,0,0,0,3,0,1
2007_006_CIB,2007_006,CIB-IST,1,REGULAR SEASON,E2007,CIB,0.0,1.0,CIB,TOTAL,KK CIBONA,200:00,93,23,43,11,22,14,18,10,13,23,11,10,7,1,1,23,21,93
2007_006_PARN      ,2007_006,CIB-IST,1,REGULAR SEASON,E2007,PARN,1.0,1.0,IST,33,ARSLAN_ ENDER,23:21,7,2,4,1,2,0,0,0,3,3,1,1,1,0,0,3,3,8
2007_006_PLCC      ,2007_006,CIB-IST,1,REGULAR SEASON,E2007,PLCC,1.0,1.0,CIB,4,WARREN_ CHRIS,32:50,14,3,6,1,3,5,5,2,3,5,2,1,0,0,0,2,6,21
2007_006_PAON      ,2007_006,CIB-IST,1,REGULAR SEASON,E2007,PAON,0.0,1.0,CIB,7,KRASIC_ BARISA,16:59,6,0,5,2,4,0,0,1,2,3,0,0,0,1,0,3,1,1
2007_006_PTFD      ,2007_006,CIB-IST,1,REGULAR SEASON,E2007,PTFD,0.0,1.0,CIB,11,VUKUSIC_ VEDRAN,07:18,0,0,1,0,0,0,0,0,0,0,0,1,1,0,0,3,0,-4
2007_006_PLUI      ,2007_006,CIB-IST,1,REGULAR SEASON,E2007,PLUI,1.0,1.0,CIB,15,HOSKIN_ SAM,00:45,0,0,0,0,0,0,0,0,0,0,0,0,0,0,0,0,0,0
2007_006_PTFE      ,2007_006,CIB-IST,1,REGULAR SEASON,E2007,PTFE,0.0,1.0,CIB,5,KELLEY_ TRE,33:19,14,3,4,2,2,2,3,0,1,1,5,1,1,0,1,2,3,18
2007_006_PKXF      ,2007_006,CIB-IST,1,REGULAR SEASON,E2007,PKXF,1.0,1.0,CIB,13,AYUSO_ LARRY,30:59,17,3,6,3,6,2,2,2,2,4,3,3,0,0,0,4,1,18
2007_006_PJDQ      ,2007_006,CIB-IST,1,REGULAR SEASON,E2007,PJDQ,1.0,1.0,CIB,12,ANDRIC_ LUKSA,27:13,19,7,9,1,2,2,3,3,1,4,0,0,1,0,0,3,5,20
2007_006_PAFY      ,2007_006,CIB-IST,1,REGULAR SEASON,E2007,PAFY,0.0,0.0,CIB,10,MOROVIC_ VEDRAN,DNP,0,0,0,0,0,0,0,0,0,0,0,0,0,0,0,0,0,0
2007_006_PCJE      ,2007_006,CIB-IST,1,REGULAR SEASON,E2007,PCJE,0.0,1.0,CIB,14,KASTROPIL_ FRANKO,08:07,3,1,1,0,0,1,1,0,1,1,1,1,1,0,0,0,1,6
2007_007_PCUG      ,2007_007,MIL-LIE,1,REGULAR SEASON,E2007,PCUG,1.0,1.0,MIL,11,SHAW_ JOSEPH CASEY,14:55,0,0,1,0,0,0,0,0,0,0,0,0,0,0,0,4,0,-5
2007_007_PLML      ,2007_007,MIL-LIE,1,REGULAR SEASON,E2007,PLML,1.0,1.0,LIE,13,BATISTA_ JOAO PAULO,00:01,0,0,0,0,0,0,0,0,0,0,0,0,0,0,0,0,0,0
2007_007_PTEQ      ,2007_007,MIL-LIE,1,REGULAR SEASON,E2007,PTEQ,1.0,1.0,MIL,10,ARADORI_ PIETRO,00:01,0,0,0,0,0,0,0,0,0,0,0,0,0,0,0,0,0,0
2007_007_LIE,2007_007,MIL-LIE,1,REGULAR SEASON,E2007,LIE,0.0,1.0,LIE,TOTAL,LIETUVOS RYTAS,200:00,83,20,32,8,24,19,23,9,21,30,13,10,11,1,2,28,24,88
2007_007_PBUU      ,2007_007,MIL-LIE,1,REGULAR SEASON,E2007,PBUU,1.0,1.0,LIE,8,LUKAUSKIS_ MINDAUGAS,39:29,13,1,3,3,7,2,2,0,4,4,4,2,0,0,0,5,4,16
2007_007_PTER      ,2007_007,MIL-LIE,1,REGULAR SEASON,E2007,PTER,0.0,1.0,MIL,16,GENTILE_ STEFANO,00:05,0,0,0,0,0,0,0,0,0,0,0,0,0,0,0,0,0,0
2007_007_PTFL      ,2007_007,MIL-LIE,1,REGULAR SEASON,E2007,PTFL,0.0,1.0,LIE,51,BAJRAMOVIC_ KENAN,27:08,9,3,7,1,4,0,0,1,5,6,1,0,2,0,0,2,1,6
2007_007_PJRD      ,2007_007,MIL-LIE,1,REGULAR SEASON,E2007,PJRD,0.0,1.0,LIE,44,NIELSEN_ MATT,17:13,8,3,4,0,0,2,3,0,5,5,2,1,2,0,0,5,4,11
2007_007_PKRD      ,2007_007,MIL-LIE,1,REGULAR SEASON,E2007,PKRD,1.0,1.0,MIL,8,GALLINARI_ DANILO,00:01,0,0,0,0,0,0,0,0,0,0,0,0,0,0,0,0,0,0
2007_007_PTFO      ,2007_007,MIL-LIE,1,REGULAR SEASON,E2007,PTFO,0.0,0.0,LIE,4,BUTERLEVICIUS_ SIMAS,DNP,0,0,0,0,0,0,0,0,0,0,0,0,0,0,0,0,0,0
2007_007_PKNZ      ,2007_007,MIL-LIE,1,REGULAR SEASON,E2007,PKNZ,0.0,1.0,MIL,13,WATSON_ TRAVIS,25:05,8,2,2,0,0,4,4,2,6,8,0,0,1,0,0,4,5,16
2007_007_P000088   ,2007_007,MIL-LIE,1,REGULAR SEASON,E2007,P000088,0.0,0.0,MIL,12,MARELLI_ DAVIDE,DNP,0,0,0,0,0,0,0,0,0,0,0,0,0,0,0,0,0,0
2007_007_PTES      ,2007_007,MIL-LIE,1,REGULAR SEASON,E2007,PTES,0.0,1.0,MIL,20,GADSON_ CHEYNE,20:52,9,3,4,0,3,3,3,0,2,2,2,1,5,1,0,2,4,8
2007_007_PCOH      ,2007_007,MIL-LIE,1,REGULAR SEASON,E2007,PCOH,1.0,1.0,LIE,10,PRICE_ HOLLIS,33:20,15,2,3,2,7,5,6,0,4,4,3,1,1,0,0,4,4,15
2007_007_PBAP      ,2007_007,MIL-LIE,1,REGULAR SEASON,E2007,PBAP,1.0,1.0,MIL,7,TOURE_ HERVE,07:14,2,1,3,0,0,0,0,0,0,0,0,1,0,0,0,0,0,1
2007_007_PLTT      ,2007_007,MIL-LIE,1,REGULAR SEASON,E2007,PLTT,0.0,1.0,LIE,31,GECEVICIUS_ MARTYNAS,20:50,8,0,1,2,5,2,2,2,0,2,0,1,0,0,2,3,2,4
2007_007_PJZN      ,2007_007,MIL-LIE,1,REGULAR SEASON,E2007,PJZN,1.0,1.0,LIE,15,PETRAVICIUS_ MARIJONAS,35:38,28,10,12,0,0,8,10,6,2,8,0,3,3,1,0,3,8,38
2007_007_PKNS      ,2007_007,MIL-LIE,1,REGULAR SEASON,E2007,PKNS,0.0,1.0,LIE,21,JOMANTAS_ ARTURAS,19:40,2,1,2,0,1,0,0,0,1,1,1,1,2,0,0,4,1,-2
2007_007_PTEP      ,2007_007,MIL-LIE,1,REGULAR SEASON,E2007,PTEP,0.0,1.0,MIL,6,GAINES_ REECE,35:05,22,1,4,5,6,5,7,0,3,3,3,1,3,0,0,5,7,22
2007_007_PLGS      ,2007_007,MIL-LIE,1,REGULAR SEASON,E2007,PLGS,0.0,1.0,MIL,5,SESAY_ ANSU,32:46,11,2,3,2,3,1,2,0,4,4,0,3,2,1,0,3,4,15
2007_007_PBUX      ,2007_007,MIL-LIE,1,REGULAR SEASON,E2007,PBUX,0.0,0.0,LIE,5,SLEZAS_ ANDRIUS,DNP,0,0,0,0,0,0,0,0,0,0,0,0,0,0,0,0,0,0
2007_007_MIL,2007_007,MIL-LIE,1,REGULAR SEASON,E2007,MIL,0.0,1.0,MIL,TOTAL,MILANO,200:00,76,15,30,9,18,19,24,4,19,23,5,9,15,2,1,24,28,74
2007_007_PAUT      ,2007_007,MIL-LIE,1,REGULAR SEASON,E2007,PAUT,0.0,1.0,MIL,14,VUKCEVIC_ DUSAN,34:05,11,3,6,1,4,2,2,0,3,3,0,0,1,0,1,1,2,7
2007_007_P000275   ,2007_007,MIL-LIE,1,REGULAR SEASON,E2007,P000275,0.0,1.0,LIE,22,MITCHELL_ DARREL,06:40,0,0,0,0,0,0,0,0,0,0,2,1,1,0,0,2,0,0
2007_007_PAHU      ,2007_007,MIL-LIE,1,REGULAR SEASON,E2007,PAHU,1.0,1.0,MIL,9,BULLERI_ MASSIMO,29:51,13,3,7,1,2,4,6,2,1,3,0,3,3,0,0,5,6,10
2007_007_PTFN      ,2007_007,MIL-LIE,1,REGULAR SEASON,E2007,PTFN,1.0,1.0,LIE,12,ANISIMOVAS_ MICHAILIS,00:01,0,0,0,0,0,0,0,0,0,0,0,0,0,0,0,0,0,0
2007_008_PAPF      ,2007_008,TEL-LEM,1,REGULAR SEASON,E2007,PAPF,0.0,0.0,TEL,10,FANAN_ REGEV,DNP,0,0,0,0,0,0,0,0,0,0,0,0,0,0,0,0,0,0
2007_008_PAOZ      ,2007_008,TEL-LEM,1,REGULAR SEASON,E2007,PAOZ,1.0,1.0,TEL,21,HALPERIN_ YOTAM,37:13,18,4,6,1,3,7,8,1,5,6,9,3,1,0,0,1,5,34
2007_008_PKZD      ,2007_008,TEL-LEM,1,REGULAR SEASON,E2007,PKZD,1.0,1.0,LEM,15,CLANCY_ SAMUEL,33:00,20,9,16,0,0,2,4,4,4,8,0,3,4,1,1,4,5,19
2007_008_PLII      ,2007_008,TEL-LEM,1,REGULAR SEASON,E2007,PLII,0.0,0.0,LEM,17,ALLERME_ CLEMENT,DNP,0,0,0,0,0,0,0,0,0,0,0,0,0,0,0,0,0,0
2007_008_PTFK      ,2007_008,TEL-LEM,1,REGULAR SEASON,E2007,PTFK,0.0,1.0,LEM,6,DIOT_ ANTOINE,07:38,2,1,2,0,0,0,0,0,0,0,1,0,0,0,1,0,1,2
2007_008_PLGD      ,2007_008,TEL-LEM,1,REGULAR SEASON,E2007,PLGD,0.0,1.0,TEL,8,ELIYAHU_ LIOR,14:52,9,3,6,0,0,3,4,1,3,4,3,1,2,1,1,1,2,12
2007_008_PAOU      ,2007_008,TEL-LEM,1,REGULAR SEASON,E2007,PAOU,0.0,1.0,TEL,6,SHARP_ DERRICK,24:32,11,3,5,1,5,2,2,0,0,0,1,3,3,0,1,4,3,4
2007_008_P000072   ,2007_008,TEL-LEM,1,REGULAR SEASON,E2007,P000072,0.0,0.0,LEM,12,WILKINS_ JOHN-WALTER,DNP,0,0,0,0,0,0,0,0,0,0,0,0,0,0,0,0,0,0
2007_008_PLFR      ,2007_008,TEL-LEM,1,REGULAR SEASON,E2007,PLFR,0.0,0.0,TEL,4,BYNUM_ WILL,DNP,0,0,0,0,0,0,0,0,0,0,0,0,0,0,0,0,0,0
2007_008_PLGQ      ,2007_008,TEL-LEM,1,REGULAR SEASON,E2007,PLGQ,0.0,0.0,LEM,10,LELOUP_ JEREMY,DNP,0,0,0,0,0,0,0,0,0,0,0,0,0,0,0,0,0,0
2007_008_PBES      ,2007_008,TEL-LEM,1,REGULAR SEASON,E2007,PBES,1.0,1.0,TEL,13,BLUTHENTHAL_ DAVID,33:07,12,3,6,2,6,0,0,0,0,0,0,1,2,0,0,4,2,2
2007_008_TEL,2007_008,TEL-LEM,1,REGULAR SEASON,E2007,TEL,0.0,1.0,TEL,TOTAL,MACCABI TEL AVIV,200:00,74,23,43,5,16,13,19,3,20,23,25,16,15,4,4,19,21,88
2007_008_PAPB      ,2007_008,TEL-LEM,1,REGULAR SEASON,E2007,PAPB,1.0,1.0,TEL,7,VUJCIC_ NIKOLA,30:49,14,5,6,1,1,1,4,0,6,6,6,2,3,0,1,3,6,23
2007_008_PTFS      ,2007_008,TEL-LEM,1,REGULAR SEASON,E2007,PTFS,1.0,1.0,TEL,5,FIZER_ MARCUS,13:31,2,1,4,0,0,0,0,0,1,1,3,0,1,1,0,2,0,1
2007_008_PJFO      ,2007_008,TEL-LEM,1,REGULAR SEASON,E2007,PJFO,0.0,1.0,TEL,11,CASSPI_ OMRI,03:15,0,0,0,0,0,0,0,0,0,0,0,0,0,0,0,0,0,0
2007_008_PJMH      ,2007_008,TEL-LEM,1,REGULAR SEASON,E2007,PJMH,0.0,1.0,LEM,4,BOGAVAC_ NEBOJSA,29:00,12,0,1,2,6,6,6,1,1,2,2,3,3,0,0,4,3,10
2007_008_PCHZ      ,2007_008,TEL-LEM,1,REGULAR SEASON,E2007,PCHZ,1.0,1.0,LEM,11,BOGDANOVIC_ LUKA,27:46,10,1,4,2,6,2,2,0,1,1,1,0,0,0,0,1,2,6
2007_008_PKOH      ,2007_008,TEL-LEM,1,REGULAR SEASON,E2007,PKOH,1.0,1.0,LEM,5,BATUM_ NICOLAS,30:57,9,3,5,1,4,0,0,1,2,3,5,6,3,0,0,2,1,14
2007_008_LEM,2007_008,TEL-LEM,1,REGULAR SEASON,E2007,LEM,0.0,1.0,LEM,TOTAL,LE MANS SARTHE BASKET,200:00,71,21,46,5,17,14,18,14,22,36,16,15,18,4,3,22,19,77
2007_008_PLTS      ,2007_008,TEL-LEM,1,REGULAR SEASON,E2007,PLTS,0.0,1.0,TEL,9,MORRIS_ TERENCE,22:33,6,3,4,0,0,0,0,0,3,3,0,0,2,2,1,0,0,7
2007_008_PCQD      ,2007_008,TEL-LEM,1,REGULAR SEASON,E2007,PCQD,1.0,1.0,TEL,14,CUMMINGS_ VONTEEGO,19:27,2,1,6,0,1,0,1,0,0,0,3,1,1,0,0,3,3,-2
2007_008_PDHD      ,2007_008,TEL-LEM,1,REGULAR SEASON,E2007,PDHD,0.0,1.0,TEL,15,BATISTA_ ESTEBAN,00:41,0,0,0,0,0,0,0,0,0,0,0,0,0,0,0,1,0,-1
2007_008_PTFJ      ,2007_008,TEL-LEM,1,REGULAR SEASON,E2007,PTFJ,0.0,1.0,LEM,13,RICCI_ PHILIP,18:04,6,3,4,0,0,0,0,1,0,1,1,0,1,1,0,2,1,6
2007_008_PDID      ,2007_008,TEL-LEM,1,REGULAR SEASON,E2007,PDID,0.0,1.0,LEM,8,LIMONAD_ RAVIV,21:54,4,1,5,0,0,2,2,1,3,4,5,0,4,0,0,3,3,5
2007_008_PCOC      ,2007_008,TEL-LEM,1,REGULAR SEASON,E2007,PCOC,1.0,1.0,LEM,9,BOKOLO_ YANNICK,12:23,0,0,2,0,1,0,0,0,4,4,0,1,0,0,0,4,1,-1
2007_008_PCOB      ,2007_008,TEL-LEM,1,REGULAR SEASON,E2007,PCOB,1.0,1.0,LEM,7,KOFFI_ ALAIN,19:18,8,3,7,0,0,2,4,5,6,11,1,0,3,2,1,2,2,12
2007_009_PAIT      ,2007_009,ULK-MAD,1,REGULAR SEASON,E2007,PAIT,0.0,1.0,MAD,24,LOPEZ_ RAUL,24:05,6,3,3,0,2,0,0,0,0,0,0,2,1,0,0,2,3,6
2007_009_MAD,2007_009,ULK-MAD,1,REGULAR SEASON,E2007,MAD,0.0,1.0,MAD,TOTAL,REAL MADRID,200:00,80,16,41,13,25,9,11,8,13,21,19,14,6,2,3,16,18,90
2007_009_PJUH      ,2007_009,ULK-MAD,1,REGULAR SEASON,E2007,PJUH,0.0,1.0,MAD,4,HAMILTON_ VENSON,08:25,2,0,3,0,0,2,2,1,1,2,2,0,0,1,1,0,1,4
2007_009_PTFH      ,2007_009,ULK-MAD,1,REGULAR SEASON,E2007,PTFH,0.0,1.0,ULK,55,PRELDZIC_ EMIR,15:02,4,2,4,0,2,0,2,0,1,1,1,0,1,0,0,1,1,-1
2007_009_PTHC      ,2007_009,ULK-MAD,1,REGULAR SEASON,E2007,PTHC,0.0,1.0,ULK,4,WHITE_ JAMES,11:06,0,0,0,0,0,0,0,0,3,3,0,0,2,1,0,1,0,1
2007_009_PTFI      ,2007_009,ULK-MAD,1,REGULAR SEASON,E2007,PTFI,1.0,1.0,ULK,14,VIDMAR_ GASPER,07:33,9,4,5,0,0,1,1,2,1,3,1,1,0,0,0,3,2,12
2007_009_PACK      ,2007_009,ULK-MAD,1,REGULAR SEASON,E2007,PACK,0.0,1.0,MAD,5,PELEKANOS_ MICHALIS,05:01,2,1,1,0,0,0,0,0,0,0,0,0,1,0,0,1,1,1
2007_009_PCTN      ,2007_009,ULK-MAD,1,REGULAR SEASON,E2007,PCTN,1.0,1.0,MAD,7,SMITH_ CHARLES,26:36,17,1,4,5,6,0,0,0,2,2,2,2,2,0,0,1,1,17
2007_009_PJPF      ,2007_009,ULK-MAD,1,REGULAR SEASON,E2007,PJPF,0.0,1.0,ULK,21,SAVAS_ OGUZ,25:02,6,2,6,0,0,2,6,1,4,5,1,1,2,1,1,1,7,9
2007_009_PCRF      ,2007_009,ULK-MAD,1,REGULAR SEASON,E2007,PCRF,1.0,1.0,MAD,17,HERVELLE_ AXEL,28:15,23,3,6,5,7,2,2,4,4,8,3,1,1,0,0,3,2,28
2007_009_PARO      ,2007_009,ULK-MAD,1,REGULAR SEASON,E2007,PARO,1.0,1.0,ULK,7,ONAN_ OMER,28:09,2,1,2,0,4,0,0,0,0,0,3,2,2,0,1,2,1,-2
2007_009_PABI      ,2007_009,ULK-MAD,1,REGULAR SEASON,E2007,PABI,1.0,1.0,ULK,10,KUTLUAY_ IBRAHIM,28:54,14,1,3,4,5,0,0,1,1,2,2,0,3,0,0,3,2,11
2007_009_PLGA      ,2007_009,ULK-MAD,1,REGULAR SEASON,E2007,PLGA,0.0,1.0,ULK,12,KAAN_ DAMIR,28:09,17,1,1,5,8,0,0,1,1,2,2,0,3,0,0,2,0,13
2007_009_PLGR      ,2007_009,ULK-MAD,1,REGULAR SEASON,E2007,PLGR,0.0,0.0,ULK,8,BASAK_ RASIM,DNP,0,0,0,0,0,0,0,0,0,0,0,0,0,0,0,0,0,0
2007_009_PJYB      ,2007_009,ULK-MAD,1,REGULAR SEASON,E2007,PJYB,0.0,1.0,ULK,9,ERDEN_ SEMIH,12:29,2,1,2,0,0,0,0,2,1,3,1,0,2,1,0,4,1,1
2007_009_ULK,2007_009,ULK-MAD,1,REGULAR SEASON,E2007,ULK,0.0,1.0,ULK,TOTAL,FENERBAHCE ULKER,200:00,72,19,32,10,23,4,10,9,22,31,15,5,19,3,2,18,16,71
2007_009_PAYR      ,2007_009,ULK-MAD,1,REGULAR SEASON,E2007,PAYR,1.0,1.0,ULK,6,TURKCAN_ MIRSAD,34:56,18,7,8,1,4,1,1,1,9,10,3,1,2,0,0,1,1,26
2007_009_MAD991    ,2007_009,ULK-MAD,1,REGULAR SEASON,E2007,MAD991,0.0,1.0,MAD,13,AGUILAR_ PABLO,01:33,0,0,0,0,0,0,0,0,0,0,0,1,0,0,0,0,0,1
2007_009_PBFJ      ,2007_009,ULK-MAD,1,REGULAR SEASON,E2007,PBFJ,0.0,1.0,MAD,15,MUMBRU_ ALEX,24:41,10,2,7,1,3,3,4,0,4,4,4,0,1,0,0,1,4,12
2007_009_PAJO      ,2007_009,ULK-MAD,1,REGULAR SEASON,E2007,PAJO,1.0,1.0,MAD,22,BULLOCK_ LOUIS,06:35,5,1,1,1,1,0,0,0,0,0,1,1,0,0,0,0,0,7
2007_009_PAPP      ,2007_009,ULK-MAD,1,REGULAR SEASON,E2007,PAPP,1.0,1.0,MAD,14,PAPADOPOULOS_ LAZAROS,24:15,6,2,8,0,0,2,3,1,1,2,1,3,0,0,1,3,5,6
2007_009_PTGB      ,2007_009,ULK-MAD,1,REGULAR SEASON,E2007,PTGB,0.0,1.0,MAD,23,LLULL_ SERGIO,08:38,0,0,1,0,0,0,0,0,0,0,0,1,0,0,0,2,0,-2
2007_009_PAFB      ,2007_009,ULK-MAD,1,REGULAR SEASON,E2007,PAFB,0.0,1.0,MAD,8,SEKULIC_ BLAGOTA,17:32,4,2,5,0,0,0,0,2,1,3,0,1,0,0,1,2,0,2
2007_009_P000109   ,2007_009,ULK-MAD,1,REGULAR SEASON,E2007,P000109,0.0,0.0,ULK,33,CETIN_ SERHAT,DNP,0,0,0,0,0,0,0,0,0,0,0,0,0,0,0,0,0,0
2007_009_PARR      ,2007_009,ULK-MAD,1,REGULAR SEASON,E2007,PARR,1.0,1.0,MAD,19,TUNCERI_ KEREM,24:24,5,1,2,1,6,0,0,0,0,0,6,2,0,1,0,1,1,8
2007_009_PLFV      ,2007_009,ULK-MAD,1,REGULAR SEASON,E2007,PLFV,1.0,1.0,ULK,15,DEMIREL_ HAKAN,08:40,0,0,1,0,0,0,0,0,1,1,1,0,2,0,0,0,1,0
2007_010_PAPH      ,2007_010,PAN-ROM,1,REGULAR SEASON,E2007,PAPH,0.0,1.0,PAN,4,ALVERTIS_ FRAGISKOS,03:25,0,0,0,0,0,0,0,0,0,0,0,0,0,0,0,0,0,0
2007_010_PBCS      ,2007_010,PAN-ROM,1,REGULAR SEASON,E2007,PBCS,0.0,1.0,PAN,10,HATZIVRETTAS_ NIKOS,18:06,2,1,1,0,1,0,0,1,1,2,1,0,0,0,0,2,0,2
2007_010_PTFY      ,2007_010,PAN-ROM,1,REGULAR SEASON,E2007,PTFY,1.0,1.0,PAN,14,WINSTON_ KENNEDY,24:09,8,2,4,1,2,1,2,0,2,2,1,0,0,1,0,2,1,7
2007_010_PAN,2007_010,PAN-ROM,1,REGULAR SEASON,E2007,PAN,0.0,1.0,PAN,TOTAL,PANATHINAIKOS,160:00,86,17,28,7,17,31,38,3,19,22,10,2,11,1,4,21,31,88
2007_010_PABB      ,2007_010,PAN-ROM,1,REGULAR SEASON,E2007,PABB,0.0,1.0,PAN,11,DIKOUDIS_ DEMOS,06:25,1,0,0,0,0,1,2,0,0,0,0,0,1,0,0,0,1,0
2007_010_PBWL      ,2007_010,PAN-ROM,1,REGULAR SEASON,E2007,PBWL,1.0,1.0,ROM,12,LORBEK_ ERAZEM,24:47,18,7,11,1,1,1,3,2,3,5,1,1,1,3,0,5,3,19
2007_010_PLUK      ,2007_010,PAN-ROM,1,REGULAR SEASON,E2007,PLUK,0.0,1.0,ROM,9,STEFANSSON_ JON,30:46,25,1,4,5,11,8,10,0,3,3,2,3,2,0,0,3,5,22
2007_010_PCJA      ,2007_010,PAN-ROM,1,REGULAR SEASON,E2007,PCJA,1.0,1.0,ROM,20,UKIC_ ROKO-LENI,34:09,7,2,2,1,4,0,0,0,2,2,8,0,1,1,1,3,2,12
2007_010_PJKN      ,2007_010,PAN-ROM,1,REGULAR SEASON,E2007,PJKN,1.0,1.0,ROM,22,GABINI_ ROBERTO,16:23,5,0,0,1,1,2,2,0,2,2,0,1,4,0,0,3,2,3
2007_010_PTFR      ,2007_010,PAN-ROM,1,REGULAR SEASON,E2007,PTFR,1.0,1.0,ROM,15,RAY_ ALLAN,19:19,8,4,7,0,0,0,0,1,2,3,2,0,2,0,0,4,4,8
2007_010_PADG      ,2007_010,PAN-ROM,1,REGULAR SEASON,E2007,PADG,0.0,1.0,PAN,19,JASIKEVICIUS_ SARUNAS,16:59,11,1,1,1,3,6,6,0,2,2,2,0,1,0,0,1,5,16
2007_010_PAGG      ,2007_010,PAN-ROM,1,REGULAR SEASON,E2007,PAGG,1.0,1.0,PAN,7,BECIROVIC_ SANI,02:55,9,1,1,1,4,4,4,0,1,1,0,0,0,0,0,1,4,10
2007_010_PADP      ,2007_010,PAN-ROM,1,REGULAR SEASON,E2007,PADP,0.0,1.0,ROM,7,FUCKA_ GREGOR,22:51,6,3,7,0,0,0,2,2,3,5,2,1,0,0,0,4,2,6
2007_010_PKZA      ,2007_010,PAN-ROM,1,REGULAR SEASON,E2007,PKZA,1.0,1.0,ROM,34,HAWKINS_ DAVID,28:13,14,4,8,2,3,0,0,1,1,2,1,2,2,0,0,3,1,10
2007_010_PJKO      ,2007_010,PAN-ROM,1,REGULAR SEASON,E2007,PJKO,1.0,1.0,PAN,13,DIAMANTIDIS_ DIMITRIOS,03:01,14,0,0,2,2,8,10,0,3,3,3,2,2,0,0,2,8,24
2007_010_PKXO      ,2007_010,PAN-ROM,1,REGULAR SEASON,E2007,PKXO,0.0,1.0,ROM,5,GIACHETTI_ JACOPO,07:38,0,0,0,0,0,0,0,0,0,0,0,1,1,0,0,2,0,-2
2007_010_PAUP      ,2007_010,PAN-ROM,1,REGULAR SEASON,E2007,PAUP,0.0,1.0,PAN,18,VUJANIC_ MILOS,04:32,1,0,0,0,0,1,2,0,0,0,0,0,0,0,0,1,1,0
2007_010_PDIK      ,2007_010,PAN-ROM,1,REGULAR SEASON,E2007,PDIK,0.0,1.0,ROM,10,DREJER_ CHRISTIAN,12:32,0,0,0,0,1,0,0,0,1,1,0,0,0,0,0,3,0,-3
2007_010_ROM,2007_010,PAN-ROM,1,REGULAR SEASON,E2007,ROM,0.0,1.0,ROM,TOTAL,VIRTUS ROMA,200:00,83,21,39,10,23,11,17,6,17,23,16,9,13,4,1,31,19,72
2007_010_PAJV      ,2007_010,PAN-ROM,1,REGULAR SEASON,E2007,PAJV,1.0,1.0,PAN,8,BATISTE_ MICHAEL,24:00,10,4,6,0,0,2,4,0,1,1,0,0,1,0,0,2,3,7
2007_010_PCCI      ,2007_010,PAN-ROM,1,REGULAR SEASON,E2007,PCCI,0.0,1.0,ROM,8,TONOLLI_ ALESSANDRO,03:22,0,0,0,0,2,0,0,0,0,0,0,0,0,0,0,1,0,-3
2007_010_PJUO      ,2007_010,PAN-ROM,1,REGULAR SEASON,E2007,PJUO,0.0,1.0,PAN,6,SPANOULIS_ VASSILIS,26:50,15,5,9,1,3,2,2,0,6,6,3,0,4,0,2,2,3,13
2007_010_PACN      ,2007_010,PAN-ROM,1,REGULAR SEASON,E2007,PACN,1.0,1.0,PAN,12,TSARTSARIS_ KOSTAS,14:31,7,2,4,1,2,0,0,2,3,5,0,0,0,0,1,3,1,6
2007_010_PBXE      ,2007_010,PAN-ROM,1,REGULAR SEASON,E2007,PBXE,0.0,1.0,PAN,9,ZIZIC_ ANDRIJA,15:07,8,1,2,0,0,6,6,0,0,0,0,0,2,0,1,5,4,3
2007_011_PLPI      ,2007_011,BAM-ROA,1,REGULAR SEASON,E2007,PLPI,1.0,1.0,BAM,10,FENN_ DARREN,25:06,5,1,3,1,2,0,0,1,4,5,0,1,4,2,0,2,2,6
2007_011_PKOO      ,2007_011,BAM-ROA,1,REGULAR SEASON,E2007,PKOO,1.0,1.0,BAM,7,GREENE_ DEMOND,29:56,13,1,2,2,3,5,5,0,3,3,2,0,3,0,0,4,2,11
2007_011_PJSS      ,2007_011,BAM-ROA,1,REGULAR SEASON,E2007,PJSS,1.0,1.0,BAM,6,HAMANN_ STEFFEN,31:21,11,3,6,1,2,2,6,0,1,1,2,0,1,1,0,5,4,5
2007_011_PJSR      ,2007_011,BAM-ROA,1,REGULAR SEASON,E2007,PJSR,0.0,1.0,BAM,4,ENSMINGER_ CHRIS,17:26,3,1,1,0,0,1,2,1,5,6,1,0,1,0,0,2,2,8
2007_011_PJJZ      ,2007_011,BAM-ROA,1,REGULAR SEASON,E2007,PJJZ,1.0,1.0,BAM,8,SUPUT_ PREDRAG,28:43,5,1,3,1,1,0,2,0,4,4,2,1,6,0,1,4,2,-1
2007_011_BAM1      ,2007_011,BAM-ROA,1,REGULAR SEASON,E2007,BAM1,0.0,0.0,BAM,9,TADDA_ KARSTEN,DNP,0,0,0,0,0,0,0,0,0,0,0,0,0,0,0,0,0,0
2007_011_PTEX      ,2007_011,BAM-ROA,1,REGULAR SEASON,E2007,PTEX,1.0,1.0,ROA,45,PELLIN_ MARC-ANTOINE,29:46,2,1,2,0,0,0,0,1,1,2,1,1,3,0,0,2,2,2
2007_011_PTFC      ,2007_011,BAM-ROA,1,REGULAR SEASON,E2007,PTFC,0.0,1.0,ROA,5,POUPET_ PIERRIC,13:13,0,0,0,0,2,0,0,0,0,0,2,1,2,0,0,2,0,-3
2007_011_PLKE      ,2007_011,BAM-ROA,1,REGULAR SEASON,E2007,PLKE,0.0,1.0,BAM,24,DICKEL_ MARK,19:30,5,1,1,1,3,0,0,1,2,3,1,1,3,0,0,2,1,4
2007_011_PTGW      ,2007_011,BAM-ROA,1,REGULAR SEASON,E2007,PTGW,0.0,0.0,ROA,8,WILSON_ RAPHAEL,DNP,0,0,0,0,0,0,0,0,0,0,0,0,0,0,0,0,0,0
2007_011_PASB      ,2007_011,BAM-ROA,1,REGULAR SEASON,E2007,PASB,1.0,1.0,BAM,13,OKULAJA_ ADEMOLA,29:53,17,7,10,1,3,0,2,1,6,7,1,2,3,0,0,0,4,21
2007_011_PLPK      ,2007_011,BAM-ROA,1,REGULAR SEASON,E2007,PLPK,0.0,1.0,BAM,14,OHLBRECHT_ TIM,08:01,2,1,1,0,0,0,0,0,0,0,0,0,1,0,0,1,0,0
2007_011_PJSE      ,2007_011,BAM-ROA,1,REGULAR SEASON,E2007,PJSE,0.0,0.0,BAM,11,PAVIC_ IVAN,DNP,0,0,0,0,0,0,0,0,0,0,0,0,0,0,0,0,0,0
2007_011_PTET      ,2007_011,BAM-ROA,1,REGULAR SEASON,E2007,PTET,0.0,0.0,BAM,22,SCHENSCHER_ LUKE,DNP,0,0,0,0,0,0,0,0,0,0,0,0,0,0,0,0,0,0
2007_011_PTFB      ,2007_011,BAM-ROA,1,REGULAR SEASON,E2007,PTFB,0.0,1.0,ROA,11,SOLIMAN_ WILLIAMS,07:34,0,0,1,0,0,0,0,1,1,2,0,1,0,0,0,1,1,2
2007_011_PBOF      ,2007_011,BAM-ROA,1,REGULAR SEASON,E2007,PBOF,0.0,1.0,BAM,12,GARRETT_ ROBERT,10:04,0,0,1,0,1,0,0,0,0,0,0,0,0,0,0,0,2,0
2007_011_BAM,2007_011,BAM-ROA,1,REGULAR SEASON,E2007,BAM,0.0,1.0,BAM,TOTAL,BASKETS BAMBERG,200:00,61,16,28,7,15,8,17,4,25,29,9,5,22,3,1,20,19,54
2007_011_PTEY      ,2007_011,BAM-ROA,1,REGULAR SEASON,E2007,PTEY,1.0,1.0,ROA,21,BADIANE_ PAPE,28:57,9,4,8,0,0,1,2,2,9,11,0,1,1,1,0,1,4,19
2007_011_PTEV      ,2007_011,BAM-ROA,1,REGULAR SEASON,E2007,PTEV,1.0,1.0,ROA,34,HESS_ ADAM,29:09,7,0,1,2,4,1,3,0,1,1,2,2,2,0,0,3,3,5
2007_011_PTEU      ,2007_011,BAM-ROA,1,REGULAR SEASON,E2007,PTEU,1.0,1.0,ROA,22,SALYERS_ MARC,22:30,14,4,7,1,3,3,4,1,2,3,1,1,2,0,0,4,3,10
2007_011_ROA,2007_011,BAM-ROA,1,REGULAR SEASON,E2007,ROA,0.0,1.0,ROA,TOTAL,ROANNE,200:00,64,15,39,8,18,10,14,7,17,24,10,11,16,1,3,20,18,51
2007_011_PJSU      ,2007_011,BAM-ROA,1,REGULAR SEASON,E2007,PJSU,0.0,1.0,ROA,25,NOLAN_ NORMAN,15:40,7,3,9,0,0,1,1,0,0,0,0,1,3,0,0,3,1,-3
2007_011_PTFA      ,2007_011,BAM-ROA,1,REGULAR SEASON,E2007,PTFA,0.0,1.0,ROA,23,CAZALON_ LAURENT,16:10,4,1,3,0,1,2,2,1,0,1,1,1,0,0,1,3,1,1
2007_011_PTEZ      ,2007_011,BAM-ROA,1,REGULAR SEASON,E2007,PTEZ,1.0,1.0,ROA,55,RUSH_ BRION,37:01,21,2,8,5,8,2,2,1,3,4,3,2,3,0,2,1,3,18
2007_012_PLGC      ,2007_012,PAR-BAR,1,REGULAR SEASON,E2007,PLGC,1.0,1.0,BAR,34,ACKER_ ALEX,14:04,0,0,1,0,1,0,0,0,0,0,0,0,1,0,0,2,1,-4
2007_012_BAR,2007_012,PAR-BAR,1,REGULAR SEASON,E2007,BAR,0.0,1.0,BAR,TOTAL,FC BARCELONA,200:00,78,19,38,6,18,22,28,8,17,25,16,6,10,2,3,24,27,80
2007_012_P000007   ,2007_012,PAR-BAR,1,REGULAR SEASON,E2007,P000007,0.0,1.0,BAR,20,DEDOVIC_ NIHAD,05:50,1,0,0,0,0,1,2,1,1,2,0,0,0,0,0,0,1,3
2007_012_PJKP      ,2007_012,PAR-BAR,1,REGULAR SEASON,E2007,PJKP,0.0,1.0,BAR,21,ILYASOVA_ ERSAN,17:50,6,1,2,1,3,1,1,1,4,5,0,0,1,0,0,3,2,6
2007_012_PBOD      ,2007_012,PAR-BAR,1,REGULAR SEASON,E2007,PBOD,1.0,1.0,BAR,41,KASUN_ MARIO,15:04,13,5,6,0,0,3,3,1,1,2,0,0,2,1,0,5,4,12
2007_012_PJOB      ,2007_012,PAR-BAR,1,REGULAR SEASON,E2007,PJOB,1.0,1.0,BAR,30,MORANDAIS_ MICHEL,09:23,4,0,1,1,2,1,2,0,1,1,0,1,0,0,0,0,1,4
2007_012_PJCL      ,2007_012,PAR-BAR,1,REGULAR SEASON,E2007,PJCL,0.0,1.0,BAR,24,MONCASI_ ALBERT,17:51,6,2,4,0,0,2,2,1,3,4,2,0,0,0,0,1,1,10
2007_012_PAZU      ,2007_012,PAR-BAR,1,REGULAR SEASON,E2007,PAZU,0.0,1.0,BAR,6,SANCHEZ_ PEPE,31:45,7,2,5,1,4,0,0,1,3,4,9,3,1,0,1,4,2,13
2007_012_PKNN      ,2007_012,PAR-BAR,1,REGULAR SEASON,E2007,PKNN,0.0,1.0,PAR,14,PEKOVIC_ NIKOLA,29:03,29,13,14,0,0,3,6,4,4,8,0,2,0,1,1,2,7,40
2007_012_PJNL      ,2007_012,PAR-BAR,1,REGULAR SEASON,E2007,PJNL,0.0,1.0,PAR,10,BOROVNJAK_ DEJAN,03:50,0,0,0,0,0,0,0,0,1,1,0,0,0,0,0,0,0,1
2007_012_PATA      ,2007_012,PAR-BAR,1,REGULAR SEASON,E2007,PATA,1.0,1.0,BAR,10,LAKOVIC_ JAKA,37:15,21,2,5,3,8,8,11,0,1,1,4,1,3,0,2,1,10,20
2007_012_PAR,2007_012,PAR-BAR,1,REGULAR SEASON,E2007,PAR,0.0,1.0,PAR,TOTAL,PARTIZAN BC,200:00,81,27,38,4,20,15,23,11,23,34,11,7,12,3,2,27,24,84
2007_012_PBGJ      ,2007_012,PAR-BAR,1,REGULAR SEASON,E2007,PBGJ,1.0,1.0,PAR,33,VRANES_ SLAVKO,10:57,3,1,1,0,0,1,2,1,1,2,0,0,1,2,0,2,2,5
2007_012_PTGU      ,2007_012,PAR-BAR,1,REGULAR SEASON,E2007,PTGU,1.0,1.0,PAR,4,PALACIO_ MILT,31:18,13,3,9,1,4,4,6,0,0,0,4,1,2,0,0,1,7,11
2007_012_PBFB      ,2007_012,PAR-BAR,1,REGULAR SEASON,E2007,PBFB,0.0,1.0,PAR,11,TRIPKOVIC_ UROS,08:42,2,1,1,0,2,0,0,0,1,1,0,0,1,0,0,3,0,-3
2007_012_PJJF      ,2007_012,PAR-BAR,1,REGULAR SEASON,E2007,PJJF,1.0,1.0,BAR,8,TRIAS_ JORDI,22:33,4,1,3,0,0,2,2,1,0,1,0,1,0,0,0,1,1,4
2007_012_PAXC      ,2007_012,PAR-BAR,1,REGULAR SEASON,E2007,PAXC,0.0,1.0,BAR,17,VAZQUEZ_ FRAN,17:17,10,4,7,0,0,2,3,0,1,1,1,0,1,0,0,3,3,7
2007_012_PTHY      ,2007_012,PAR-BAR,1,REGULAR SEASON,E2007,PTHY,0.0,0.0,PAR,21,MILOSEVIC_ STRAHINJA,DNP,0,0,0,0,0,0,0,0,0,0,0,0,0,0,0,0,0,0
2007_012_PLGH      ,2007_012,PAR-BAR,1,REGULAR SEASON,E2007,PLGH,1.0,1.0,PAR,5,TEPIC_ MILENKO,31:45,14,4,4,2,4,0,0,1,3,4,2,1,4,0,0,2,0,13
2007_012_PLIT      ,2007_012,PAR-BAR,1,REGULAR SEASON,E2007,PLIT,0.0,1.0,PAR,17,DJURKOVIC_ MARKO,00:10,0,0,0,0,0,0,0,0,0,0,0,0,0,0,0,0,0,0
2007_012_PBFE      ,2007_012,PAR-BAR,1,REGULAR SEASON,E2007,PBFE,0.0,1.0,PAR,7,KECMAN_ DUSAN,20:07,3,1,3,0,3,1,2,0,3,3,1,0,1,0,0,5,2,-3
2007_012_PBXO      ,2007_012,PAR-BAR,1,REGULAR SEASON,E2007,PBXO,1.0,1.0,PAR,15,VITKOVAC_ CEDOMIR,25:15,12,2,3,1,3,5,6,4,3,7,2,1,1,0,1,3,4,17
2007_012_PAHW      ,2007_012,PAR-BAR,1,REGULAR SEASON,E2007,PAHW,0.0,1.0,BAR,9,MARCONATO_ DENIS,11:08,6,2,4,0,0,2,2,2,2,4,0,0,1,1,0,4,1,5
2007_012_PJNN      ,2007_012,PAR-BAR,1,REGULAR SEASON,E2007,PJNN,1.0,1.0,PAR,12,VELICKOVIC_ NOVICA,28:20,5,2,3,0,4,1,1,1,7,8,2,0,2,0,0,4,1,5
2007_012_PLEV      ,2007_012,PAR-BAR,1,REGULAR SEASON,E2007,PLEV,0.0,0.0,BAR,14,RABASEDA_ XAVIER,DNP,0,0,0,0,0,0,0,0,0,0,0,0,0,0,0,0,0,0
2007_012_PJJY      ,2007_012,PAR-BAR,1,REGULAR SEASON,E2007,PJJY,0.0,1.0,PAR,20,BOZIC_ PETAR,10:33,0,0,0,0,0,0,0,0,0,0,0,0,0,0,0,5,1,-4
2007_013_OLY,2007_013,LJU-OLY,2,REGULAR SEASON,E2007,OLY,0.0,1.0,OLY,TOTAL,OLYMPIACOS PIRAEUS,200:00,78,18,29,7,15,21,29,6,13,19,6,3,21,0,1,22,27,62
2007_013_PLHD      ,2007_013,LJU-OLY,2,REGULAR SEASON,E2007,PLHD,0.0,1.0,LJU,24,ZUPAN_ MIHA,21:37,14,5,5,1,2,1,1,2,2,4,0,0,0,0,0,3,3,17
2007_013_PTGI      ,2007_013,LJU-OLY,2,REGULAR SEASON,E2007,PTGI,0.0,1.0,LJU,4,DONCIC_ SASA,10:53,0,0,0,0,3,0,2,0,2,2,4,0,1,0,0,0,2,2
2007_013_LJU,2007_013,LJU-OLY,2,REGULAR SEASON,E2007,LJU,0.0,1.0,LJU,TOTAL,UNION OLIMPIJA,200:00,87,29,40,4,26,17,20,12,14,26,14,10,12,1,0,27,21,84
2007_013_PBFY      ,2007_013,LJU-OLY,2,REGULAR SEASON,E2007,PBFY,0.0,1.0,OLY,4,BLAKNEY_ RODERICK,21:26,6,0,0,2,3,0,0,0,0,0,0,0,1,0,0,4,1,1
2007_013_PTFV      ,2007_013,LJU-OLY,2,REGULAR SEASON,E2007,PTFV,1.0,1.0,OLY,6,WOODS_ QYNTEL,19:34,4,1,2,0,1,2,2,1,3,4,0,1,1,0,0,2,3,7
2007_013_PCRR      ,2007_013,LJU-OLY,2,REGULAR SEASON,E2007,PCRR,1.0,1.0,OLY,11,GREER_ LYNN TERENCE,31:41,15,3,10,1,3,6,6,1,0,1,2,1,1,0,1,2,7,13
2007_013_PJDR      ,2007_013,LJU-OLY,2,REGULAR SEASON,E2007,PJDR,0.0,1.0,OLY,18,TEODOSIC_ MILOS,05:30,0,0,0,0,0,0,0,0,2,2,1,0,3,0,0,0,0,0
2007_013_PALG      ,2007_013,LJU-OLY,2,REGULAR SEASON,E2007,PALG,0.0,1.0,OLY,14,VASILIADIS_ KOSTAS,13:24,3,0,0,1,2,0,0,0,2,2,1,0,2,0,0,1,0,2
2007_013_P000183   ,2007_013,LJU-OLY,2,REGULAR SEASON,E2007,P000183,0.0,1.0,LJU,23,ANDERSON_ LUKE,03:01,0,0,0,0,2,0,0,0,0,0,0,0,0,0,0,1,0,-3
2007_013_P000184   ,2007_013,LJU-OLY,2,REGULAR SEASON,E2007,P000184,0.0,1.0,LJU,6,BOOKER_ CHRIS,08:23,5,2,3,0,0,1,2,2,0,2,1,1,1,0,0,1,1,6
2007_013_PJYE      ,2007_013,LJU-OLY,2,REGULAR SEASON,E2007,PJYE,0.0,1.0,LJU,11,RIZVIC_ HASAN,14:03,2,1,1,0,0,0,0,1,1,2,0,1,0,0,0,2,1,4
2007_013_PCPF      ,2007_013,LJU-OLY,2,REGULAR SEASON,E2007,PCPF,0.0,1.0,OLY,17,KAFKIS_ PANAGIOTIS,01:33,0,0,0,0,0,0,0,0,0,0,0,0,0,0,0,1,0,-1
2007_013_PJBJ      ,2007_013,LJU-OLY,2,REGULAR SEASON,E2007,PJBJ,1.0,1.0,LJU,15,BEGIC_ MIRZA,08:51,4,2,2,0,0,0,0,0,2,2,0,0,0,0,0,2,0,4
2007_013_PTHB      ,2007_013,LJU-OLY,2,REGULAR SEASON,E2007,PTHB,1.0,1.0,LJU,9,DRAGIC_ GORAN,28:55,12,4,6,0,4,4,4,0,1,1,3,1,1,0,0,5,4,9
2007_013_PAPY      ,2007_013,LJU-OLY,2,REGULAR SEASON,E2007,PAPY,1.0,1.0,LJU,13,HUKIC_ JASMIN,26:18,10,3,3,0,6,4,4,4,1,5,0,0,2,0,0,4,1,4
2007_013_PAIV      ,2007_013,LJU-OLY,2,REGULAR SEASON,E2007,PAIV,1.0,1.0,LJU,12,MILIC_ MARKO,25:07,16,7,11,0,0,2,2,2,2,4,2,1,0,0,0,5,3,17
2007_013_PTGJ      ,2007_013,LJU-OLY,2,REGULAR SEASON,E2007,PTGJ,0.0,1.0,LJU,7,MOCNIK_ JAN,12:52,8,1,1,2,5,0,0,0,0,0,1,1,4,0,0,2,0,1
2007_013_LJU1      ,2007_013,LJU-OLY,2,REGULAR SEASON,E2007,LJU1,0.0,0.0,LJU,8,MULALIC_ MIRKO,DNP,0,0,0,0,0,0,0,0,0,0,0,0,0,0,0,0,0,0
2007_013_P000126   ,2007_013,LJU-OLY,2,REGULAR SEASON,E2007,P000126,0.0,1.0,OLY,25,JACKSON_ MARC,26:35,20,4,6,2,2,6,8,2,3,5,1,0,4,0,0,3,6,21
2007_013_PTFW      ,2007_013,LJU-OLY,2,REGULAR SEASON,E2007,PTFW,1.0,1.0,OLY,10,TSAKALIDIS_ JAKE,07:18,0,0,0,0,0,0,2,0,0,0,0,0,1,0,0,1,2,-2
2007_013_PAQU      ,2007_013,LJU-OLY,2,REGULAR SEASON,E2007,PAQU,0.0,1.0,OLY,9,BOUROUSIS_ IOANNIS,09:22,2,1,1,0,0,0,0,1,2,3,0,0,4,0,0,2,1,0
2007_013_PTGG      ,2007_013,LJU-OLY,2,REGULAR SEASON,E2007,PTGG,1.0,1.0,LJU,30,TAYLOR_ RONELL,40:00,16,4,8,1,4,5,5,1,3,4,3,5,2,1,0,2,6,24
2007_013_PCBV      ,2007_013,LJU-OLY,2,REGULAR SEASON,E2007,PCBV,1.0,1.0,OLY,7,MACIJAUSKAS_ ARVYDAS,27:23,15,3,3,1,1,6,8,0,0,0,0,1,2,0,0,1,5,16
2007_013_PACJ      ,2007_013,LJU-OLY,2,REGULAR SEASON,E2007,PACJ,0.0,1.0,OLY,5,PAPAMAKARIOS_ MANOLIS,01:31,0,0,0,0,1,0,0,0,0,0,0,0,1,0,0,1,0,-3
2007_013_PAMM      ,2007_013,LJU-OLY,2,REGULAR SEASON,E2007,PAMM,1.0,1.0,OLY,16,PRINTEZIS_ GEORGIOS,34:43,13,6,7,0,2,1,3,1,1,2,1,0,1,0,0,4,2,8
2007_014_PALC      ,2007_014,CSK-SIE,2,REGULAR SEASON,E2007,PALC,1.0,1.0,CSK,8,SMODIS_ MATJAZ,24:38,16,4,6,1,4,5,6,0,7,7,0,0,1,0,0,2,4,18
2007_014_PJMM      ,2007_014,CSK-SIE,2,REGULAR SEASON,E2007,PJMM,0.0,1.0,CSK,9,SISKAUSKAS_ RAMUNAS,26:47,11,1,2,1,4,6,6,0,2,2,1,1,1,0,0,2,7,15
2007_014_PCQO      ,2007_014,CSK-SIE,2,REGULAR SEASON,E2007,PCQO,0.0,1.0,SIE,8,EZE_ BENJAMIN,15:47,8,4,7,0,0,0,0,3,0,3,0,2,0,0,0,1,1,10
2007_014_PKVZ      ,2007_014,CSK-SIE,2,REGULAR SEASON,E2007,PKVZ,0.0,0.0,CSK,23,SHVED_ ALEXEY,DNP,0,0,0,0,0,0,0,0,0,0,0,0,0,0,0,0,0,0
2007_014_PJHL      ,2007_014,CSK-SIE,2,REGULAR SEASON,E2007,PJHL,0.0,1.0,SIE,14,RESS_ TOMAS,06:56,2,1,1,0,0,0,0,0,1,1,0,0,0,0,0,0,0,3
2007_014_PAKT      ,2007_014,CSK-SIE,2,REGULAR SEASON,E2007,PAKT,0.0,1.0,CSK,13,ANDERSEN_ DAVID,20:31,9,2,3,1,1,2,4,0,5,5,0,0,1,1,0,4,4,11
2007_014_PALR      ,2007_014,CSK-SIE,2,REGULAR SEASON,E2007,PALR,1.0,1.0,CSK,14,SAVRASENKO_ ALEKSEY,09:49,4,2,4,0,0,0,0,0,0,0,0,0,1,0,1,2,0,-2
2007_014_PBEB      ,2007_014,CSK-SIE,2,REGULAR SEASON,E2007,PBEB,1.0,1.0,CSK,21,LANGDON_ TRAJAN,33:32,4,1,3,0,2,2,2,1,5,6,3,1,1,0,0,2,2,9
2007_014_PAUC      ,2007_014,CSK-SIE,2,REGULAR SEASON,E2007,PAUC,0.0,1.0,CSK,22,GOREE_ MARCUS,20:36,11,4,4,1,2,0,2,0,2,2,0,1,2,1,0,3,1,8
2007_014_PLHI      ,2007_014,CSK-SIE,2,REGULAR SEASON,E2007,PLHI,0.0,0.0,CSK,20,VORONCEVICH_ ANDREY,DNP,0,0,0,0,0,0,0,0,0,0,0,0,0,0,0,0,0,0
2007_014_PJOC      ,2007_014,CSK-SIE,2,REGULAR SEASON,E2007,PJOC,1.0,1.0,SIE,20,STONEROOK_ SHAUN,31:58,7,0,0,2,5,1,2,1,8,9,1,0,1,0,0,3,3,12
2007_014_PCCA      ,2007_014,CSK-SIE,2,REGULAR SEASON,E2007,PCCA,1.0,1.0,SIE,11,THORNTON_ BOOTSY,18:38,8,3,3,0,1,2,4,0,1,1,1,0,0,0,0,3,3,7
2007_014_PLVZ      ,2007_014,CSK-SIE,2,REGULAR SEASON,E2007,PLVZ,0.0,0.0,SIE,19,CROTTA_ STEFANO,DNP,0,0,0,0,0,0,0,0,0,0,0,0,0,0,0,0,0,0
2007_014_CSK,2007_014,CSK-SIE,2,REGULAR SEASON,E2007,CSK,0.0,1.0,CSK,TOTAL,CSKA MOSCOW,200:00,74,21,35,5,16,17,22,1,28,29,11,5,12,2,2,22,21,76
2007_014_PBLH      ,2007_014,CSK-SIE,2,REGULAR SEASON,E2007,PBLH,1.0,1.0,SIE,12,LAVRINOVIC_ KSISTOF,22:24,16,1,2,3,3,5,9,0,2,2,1,0,1,2,0,5,7,17
2007_014_PAYU      ,2007_014,CSK-SIE,2,REGULAR SEASON,E2007,PAYU,0.0,0.0,CSK,11,PASHUTIN_ ZAKHAR,DNP,0,0,0,0,0,0,0,0,0,0,0,0,0,0,0,0,0,0
2007_014_PABN      ,2007_014,CSK-SIE,2,REGULAR SEASON,E2007,PABN,1.0,1.0,CSK,6,ZISIS_ NIKOLAOS,14:24,7,2,3,1,1,0,0,0,1,1,1,0,2,0,0,4,2,4
2007_014_PAQO      ,2007_014,CSK-SIE,2,REGULAR SEASON,E2007,PAQO,1.0,1.0,CSK,10,HOLDEN_ JON ROBERT,23:56,0,0,3,0,2,0,0,0,0,0,2,1,1,0,0,1,0,-4
2007_014_PLMO      ,2007_014,CSK-SIE,2,REGULAR SEASON,E2007,PLMO,0.0,1.0,SIE,10,SATO_ ROMAIN,26:25,2,1,5,0,1,0,0,0,8,8,0,1,0,0,0,1,0,5
2007_014_PLMK      ,2007_014,CSK-SIE,2,REGULAR SEASON,E2007,PLMK,0.0,0.0,SIE,9,CARRARETTO_ MARCO,DNP,0,0,0,0,0,0,0,0,0,0,0,0,0,0,0,0,0,0
2007_014_PKWI      ,2007_014,CSK-SIE,2,REGULAR SEASON,E2007,PKWI,1.0,1.0,SIE,5,MCINTYRE_ TERRELL,26:22,4,1,3,0,6,2,2,0,0,0,1,0,4,0,1,3,3,-8
2007_014_PAPS      ,2007_014,CSK-SIE,2,REGULAR SEASON,E2007,PAPS,0.0,1.0,SIE,6,ILIEVSKI_ VLADO,18:42,4,2,6,0,2,0,0,0,0,0,0,0,1,0,0,1,0,-4
2007_014_SIE,2007_014,CSK-SIE,2,REGULAR SEASON,E2007,SIE,0.0,1.0,SIE,TOTAL,MONTEPASCHI SIENA,200:00,70,17,37,7,22,15,23,6,22,28,10,3,10,2,2,21,22,59
2007_014_PLDO      ,2007_014,CSK-SIE,2,REGULAR SEASON,E2007,PLDO,0.0,0.0,SIE,18,GALLI_ ANDREA,DNP,0,0,0,0,0,0,0,0,0,0,0,0,0,0,0,0,0,0
2007_014_PBJR      ,2007_014,CSK-SIE,2,REGULAR SEASON,E2007,PBJR,1.0,1.0,SIE,13,KAUKENAS_ RIMANTAS,32:48,19,4,10,2,4,5,6,1,0,1,6,0,2,0,1,4,5,15
2007_014_PATW      ,2007_014,CSK-SIE,2,REGULAR SEASON,E2007,PATW,0.0,1.0,CSK,4,PAPALOUKAS_ THEODOROS,25:47,12,5,7,0,0,2,2,0,4,4,4,0,2,0,1,2,1,14
2007_015_PBTR      ,2007_015,ZAL-SOP,2,REGULAR SEASON,E2007,PBTR,0.0,1.0,ZAL,6,BEARD_ TANOKA,15:56,4,2,7,0,1,0,0,1,1,2,0,0,1,1,0,2,1,-1
2007_015_PACY      ,2007_015,ZAL-SOP,2,REGULAR SEASON,E2007,PACY,1.0,1.0,SOP,13,SLANINA_ DONATAS,28:25,14,3,4,2,4,2,4,1,2,3,3,0,3,0,0,4,4,12
2007_015_PBCE      ,2007_015,ZAL-SOP,2,REGULAR SEASON,E2007,PBCE,0.0,1.0,SOP,14,WOLKOWYSKY_ RUBEN,18:32,9,3,5,1,4,0,0,1,0,1,0,0,1,0,0,1,0,3
2007_015_PBCM      ,2007_015,ZAL-SOP,2,REGULAR SEASON,E2007,PBCM,0.0,1.0,SOP,10,HARISSIS_ CHRISTOS,14:43,3,1,2,0,2,1,2,0,1,1,0,0,1,0,0,3,1,-3
2007_015_PKVL      ,2007_015,ZAL-SOP,2,REGULAR SEASON,E2007,PKVL,1.0,1.0,SOP,6,BEST_ TRAVIS,35:06,20,8,11,1,6,1,1,0,5,5,1,1,2,0,1,5,4,15
2007_015_PCLQ      ,2007_015,ZAL-SOP,2,REGULAR SEASON,E2007,PCLQ,0.0,1.0,SOP,8,DYLEWICZ_ FILIP,23:00,4,1,5,0,1,2,2,4,1,5,2,0,0,1,1,4,0,2
2007_015_PKPD      ,2007_015,ZAL-SOP,2,REGULAR SEASON,E2007,PKPD,0.0,0.0,ZAL,12,MILAKNIS_ ARTURAS,DNP,0,0,0,0,0,0,0,0,0,0,0,0,0,0,0,0,0,0
2007_015_PACX      ,2007_015,ZAL-SOP,2,REGULAR SEASON,E2007,PACX,1.0,1.0,SOP,7,MASIULIS_ TOMAS,17:00,0,0,0,0,1,0,0,1,3,4,1,0,0,0,0,2,2,4
2007_015_PBWI      ,2007_015,ZAL-SOP,2,REGULAR SEASON,E2007,PBWI,1.0,1.0,ZAL,13,JANKUNAS_ PAULIUS,24:46,12,3,9,2,3,0,0,4,5,9,0,0,0,0,2,4,1,9
2007_015_PLCZ      ,2007_015,ZAL-SOP,2,REGULAR SEASON,E2007,PLCZ,0.0,0.0,ZAL,14,MOTIEJUNAS_ DONATAS,DNP,0,0,0,0,0,0,0,0,0,0,0,0,0,0,0,0,0,0
2007_015_PBDE      ,2007_015,ZAL-SOP,2,REGULAR SEASON,E2007,PBDE,0.0,1.0,ZAL,4,JURAK_ GORAN,15:18,7,2,3,1,1,0,2,1,3,4,2,1,1,1,0,4,2,9
2007_015_PJCC      ,2007_015,ZAL-SOP,2,REGULAR SEASON,E2007,PJCC,1.0,1.0,ZAL,8,MACIULIS_ JONAS,26:46,17,4,6,2,7,3,4,3,3,6,1,0,1,0,0,5,3,13
2007_015_PATP      ,2007_015,ZAL-SOP,2,REGULAR SEASON,E2007,PATP,0.0,1.0,ZAL,24,POPOVIC_ MARKO,23:57,15,1,1,2,6,7,8,1,1,2,3,0,2,0,0,1,7,19
2007_015_ZAL,2007_015,ZAL-SOP,2,REGULAR SEASON,E2007,ZAL,0.0,1.0,ZAL,TOTAL,ZALGIRIS,200:00,82,18,37,9,27,19,27,16,23,39,14,3,9,6,2,23,24,89
2007_015_PBDB      ,2007_015,ZAL-SOP,2,REGULAR SEASON,E2007,PBDB,1.0,1.0,ZAL,41,COLLINS_ DE JUAN,28:59,13,2,4,1,3,6,6,3,3,6,5,2,1,0,0,2,4,23
2007_015_PADX      ,2007_015,ZAL-SOP,2,REGULAR SEASON,E2007,PADX,1.0,1.0,ZAL,11,ZUKAUSKAS_ EURELJUS,24:00,3,1,4,0,0,1,2,3,3,6,0,0,1,4,0,3,1,6
2007_015_PANY      ,2007_015,ZAL-SOP,2,REGULAR SEASON,E2007,PANY,0.0,1.0,ZAL,10,SALENGA_ DAINIUS,12:13,1,0,0,0,2,1,2,0,3,3,1,0,0,0,0,1,1,2
2007_015_PAHT      ,2007_015,ZAL-SOP,2,REGULAR SEASON,E2007,PAHT,1.0,1.0,ZAL,5,BROWN_ MARCUS,17:09,4,2,2,0,3,0,0,0,1,1,1,0,1,0,0,1,2,3
2007_015_PTFZ      ,2007_015,ZAL-SOP,2,REGULAR SEASON,E2007,PTFZ,0.0,1.0,SOP,5,ROSZYK_ KRZYSZTOF,04:06,0,0,0,0,0,0,0,0,0,0,0,0,0,0,0,1,0,-1
2007_015_PJBX      ,2007_015,ZAL-SOP,2,REGULAR SEASON,E2007,PJBX,0.0,1.0,ZAL,9,KALNIETIS_ MANTAS,10:56,6,1,1,1,1,1,3,0,0,0,1,0,1,0,0,0,2,6
2007_015_PJHV      ,2007_015,ZAL-SOP,2,REGULAR SEASON,E2007,PJHV,0.0,0.0,SOP,16,LAPETA_ ADAM,DNP,0,0,0,0,0,0,0,0,0,0,0,0,0,0,0,0,0,0
2007_015_SOP,2007_015,ZAL-SOP,2,REGULAR SEASON,E2007,SOP,0.0,1.0,SOP,TOTAL,PROKOM TREFL SOPOT,200:00,72,17,33,7,24,17,22,9,19,28,9,1,7,2,6,24,22,59
2007_015_PABC      ,2007_015,ZAL-SOP,2,REGULAR SEASON,E2007,PABC,1.0,1.0,SOP,15,GUROVIC_ MILAN,37:40,20,1,5,3,6,9,11,0,5,5,1,0,0,0,4,3,9,19
2007_015_PASG      ,2007_015,ZAL-SOP,2,REGULAR SEASON,E2007,PASG,1.0,1.0,SOP,22,VAN DEN SPIEGEL_ TOMAS,21:28,2,0,1,0,0,2,2,2,2,4,1,0,0,1,0,1,2,8
2007_016_PBEW      ,2007_016,BAS-VIR,2,REGULAR SEASON,E2007,PBEW,1.0,1.0,VIR,14,CHIACIG_ ROBERTO,22:35,8,3,3,0,0,2,6,1,2,3,0,0,0,0,0,2,5,10
2007_016_PTGX      ,2007_016,BAS-VIR,2,REGULAR SEASON,E2007,PTGX,0.0,1.0,BAS,11,FERNANDEZ_ LUCHO,08:17,0,0,0,0,1,0,0,2,1,3,2,0,1,0,0,1,0,2
2007_016_PJWO      ,2007_016,BAS-VIR,2,REGULAR SEASON,E2007,PJWO,0.0,1.0,BAS,33,MICKEAL_ PETE,23:45,8,4,7,0,1,0,0,0,3,3,0,2,1,0,3,2,1,4
2007_016_P000343   ,2007_016,BAS-VIR,2,REGULAR SEASON,E2007,P000343,0.0,0.0,BAS,43,JOHNSON_ LINTON,DNP,0,0,0,0,0,0,0,0,0,0,0,0,0,0,0,0,0,0
2007_016_PLHB      ,2007_016,BAS-VIR,2,REGULAR SEASON,E2007,PLHB,0.0,1.0,VIR,20,GARRI_ LUCA,14:15,1,0,1,0,2,1,2,2,1,3,0,0,3,1,0,0,2,0
2007_016_VIR,2007_016,BAS-VIR,2,REGULAR SEASON,E2007,VIR,0.0,1.0,VIR,TOTAL,VIRTUS VIDIVICI BOLOGNA,200:00,71,20,50,7,19,10,20,13,19,32,8,8,16,5,3,24,17,46
2007_016_P000079   ,2007_016,BAS-VIR,2,REGULAR SEASON,E2007,P000079,0.0,1.0,VIR,17,CANELO_ JEAN CARLOS,04:01,0,0,1,0,0,0,0,0,0,0,0,0,0,0,0,0,0,-1
2007_016_PTGQ      ,2007_016,BAS-VIR,2,REGULAR SEASON,E2007,PTGQ,0.0,1.0,VIR,16,DI BELLA_ FABIO,19:51,3,1,3,0,1,1,2,1,3,4,2,0,4,0,1,3,1,-2
2007_016_PTGZ      ,2007_016,BAS-VIR,2,REGULAR SEASON,E2007,PTGZ,1.0,1.0,VIR,18,LESTINI_ FEDERICO,14:26,3,0,1,1,1,0,0,1,0,1,0,0,0,0,0,2,0,1
2007_016_PTGS      ,2007_016,BAS-VIR,2,REGULAR SEASON,E2007,PTGS,0.0,1.0,VIR,19,DA ROS_ MATTEO,04:16,0,0,0,0,0,0,0,0,1,1,0,0,0,0,0,0,0,1
2007_016_PJZJ      ,2007_016,BAS-VIR,2,REGULAR SEASON,E2007,PJZJ,1.0,1.0,BAS,12,TELETOVIC_ MIRZA,29:05,18,3,6,4,5,0,0,2,7,9,1,0,0,1,0,1,0,24
2007_016_P000018   ,2007_016,BAS-VIR,2,REGULAR SEASON,E2007,P000018,0.0,1.0,BAS,6,GARCIA_ ANDER,00:53,0,0,0,0,0,0,0,0,0,0,0,0,0,0,0,1,0,-1
2007_016_PTGO      ,2007_016,BAS-VIR,2,REGULAR SEASON,E2007,PTGO,0.0,1.0,VIR,11,CROSARIOL_ ANDREA,16:17,8,4,5,0,0,0,0,0,3,3,0,1,0,4,0,5,0,10
2007_016_P000078   ,2007_016,BAS-VIR,2,REGULAR SEASON,E2007,P000078,0.0,0.0,VIR,13,NOVI_ MICHELE,DNP,0,0,0,0,0,0,0,0,0,0,0,0,0,0,0,0,0,0
2007_016_PJTT      ,2007_016,BAS-VIR,2,REGULAR SEASON,E2007,PJTT,0.0,1.0,BAS,45,MCDONALD_ WILL,21:53,10,4,8,0,0,2,6,0,2,2,2,0,0,1,0,4,3,6
2007_016_BAS,2007_016,BAS-VIR,2,REGULAR SEASON,E2007,BAS,0.0,1.0,BAS,TOTAL,TAU CERAMICA,200:00,98,25,44,12,24,12,18,10,31,41,19,11,13,3,5,17,24,124
2007_016_PBXA      ,2007_016,BAS-VIR,2,REGULAR SEASON,E2007,PBXA,1.0,1.0,VIR,12,GIOVANNONI_ GUILHERME,25:45,13,2,7,3,5,0,0,1,1,2,1,2,1,0,1,1,2,10
2007_016_PBVC      ,2007_016,BAS-VIR,2,REGULAR SEASON,E2007,PBVC,0.0,1.0,BAS,13,JASAITIS_ SIMAS,09:23,3,0,1,1,4,0,0,0,0,0,0,1,0,0,0,0,0,0
2007_016_PCBY      ,2007_016,BAS-VIR,2,REGULAR SEASON,E2007,PCBY,1.0,1.0,BAS,21,SPLITTER_ TIAGO,18:07,14,4,5,0,0,6,6,3,4,7,2,2,2,1,0,2,6,27
2007_016_PTGL      ,2007_016,BAS-VIR,2,REGULAR SEASON,E2007,PTGL,1.0,1.0,VIR,5,HOLLAND_ DELONTE,38:41,27,8,19,3,7,2,4,6,5,11,0,3,4,0,1,4,3,18
2007_016_PTGV      ,2007_016,BAS-VIR,2,REGULAR SEASON,E2007,PTGV,0.0,1.0,VIR,9,ANDERSON_ ALAN,09:13,4,0,2,0,1,4,6,0,0,0,0,1,2,0,0,5,2,-5
2007_016_PANB      ,2007_016,BAS-VIR,2,REGULAR SEASON,E2007,PANB,1.0,1.0,BAS,8,RAKOCEVIC_ IGOR,24:48,23,6,7,3,7,2,3,2,3,5,1,0,0,0,0,0,2,25
2007_016_PAJK      ,2007_016,BAS-VIR,2,REGULAR SEASON,E2007,PAJK,1.0,1.0,BAS,9,VIDAL_ SERGI,18:00,3,0,2,1,2,0,0,1,1,2,4,2,2,0,0,3,3,6
2007_016_PTGT      ,2007_016,BAS-VIR,2,REGULAR SEASON,E2007,PTGT,1.0,1.0,VIR,8,CONROY_ WILL,30:40,4,2,8,0,2,0,0,1,2,3,5,1,2,0,0,2,2,3
2007_016_PAFP      ,2007_016,BAS-VIR,2,REGULAR SEASON,E2007,PAFP,1.0,1.0,BAS,10,PLANINIC_ ZORAN,21:35,6,2,5,0,0,2,3,0,1,1,5,2,3,0,2,1,8,12
2007_016_PCBX      ,2007_016,BAS-VIR,2,REGULAR SEASON,E2007,PCBX,0.0,1.0,BAS,5,PRIGIONI_ PABLO,24:14,13,2,3,3,4,0,0,0,5,5,2,2,4,0,0,2,1,15
2007_017_PBAO      ,2007_017,LEM-ARI,2,REGULAR SEASON,E2007,PBAO,0.0,1.0,ARI,7,SERAPINAS_ SIMONAS,03:31,0,0,0,0,1,0,0,0,0,0,0,0,0,0,0,2,0,-3
2007_017_PTEO      ,2007_017,LEM-ARI,2,REGULAR SEASON,E2007,PTEO,0.0,1.0,ARI,5,TERRY_ REYSHAWN,25:12,16,3,5,1,2,7,7,0,5,5,1,3,4,0,1,3,6,20
2007_017_LEM,2007_017,LEM-ARI,2,REGULAR SEASON,E2007,LEM,0.0,1.0,LEM,TOTAL,LE MANS SARTHE BASKET,200:00,66,22,40,4,16,10,17,10,23,33,15,5,14,3,0,22,21,70
2007_017_PJXV      ,2007_017,LEM-ARI,2,REGULAR SEASON,E2007,PJXV,1.0,1.0,ARI,4,CASTLE_ TERREL,24:02,7,2,2,1,3,0,0,1,1,2,1,1,3,0,0,2,1,5
2007_017_PKZD      ,2007_017,LEM-ARI,2,REGULAR SEASON,E2007,PKZD,1.0,1.0,LEM,15,CLANCY_ SAMUEL,35:44,12,6,12,0,0,0,1,2,5,7,2,0,2,2,0,2,2,14
2007_017_PTFJ      ,2007_017,LEM-ARI,2,REGULAR SEASON,E2007,PTFJ,0.0,1.0,LEM,13,RICCI_ PHILIP,09:47,3,1,2,0,0,1,2,1,1,2,0,1,0,0,0,2,3,5
2007_017_PTFK      ,2007_017,LEM-ARI,2,REGULAR SEASON,E2007,PTFK,1.0,1.0,LEM,6,DIOT_ ANTOINE,17:57,1,0,0,0,1,1,2,0,1,1,4,0,4,0,0,4,1,-3
2007_017_PJMH      ,2007_017,LEM-ARI,2,REGULAR SEASON,E2007,PJMH,0.0,1.0,LEM,4,BOGAVAC_ NEBOJSA,07:58,0,0,0,0,1,0,0,0,1,1,0,0,0,0,0,0,0,0
2007_017_PKOH      ,2007_017,LEM-ARI,2,REGULAR SEASON,E2007,PKOH,1.0,1.0,LEM,5,BATUM_ NICOLAS,35:26,13,5,7,0,1,3,4,1,4,5,2,1,1,0,0,2,5,19
2007_017_PCOB      ,2007_017,LEM-ARI,2,REGULAR SEASON,E2007,PCOB,1.0,1.0,LEM,7,KOFFI_ ALAIN,16:46,2,1,3,0,0,0,2,2,5,7,0,0,0,1,0,4,2,4
2007_017_PDID      ,2007_017,LEM-ARI,2,REGULAR SEASON,E2007,PDID,0.0,1.0,LEM,8,LIMONAD_ RAVIV,23:20,11,2,4,1,3,4,4,1,1,2,4,1,2,0,0,3,2,11
2007_017_PLGQ      ,2007_017,LEM-ARI,2,REGULAR SEASON,E2007,PLGQ,0.0,0.0,LEM,10,LELOUP_ JEREMY,DNP,0,0,0,0,0,0,0,0,0,0,0,0,0,0,0,0,0,0
2007_017_PCHZ      ,2007_017,LEM-ARI,2,REGULAR SEASON,E2007,PCHZ,1.0,1.0,LEM,11,BOGDANOVIC_ LUKA,33:08,18,4,8,3,8,1,2,3,5,8,3,1,1,0,0,2,1,18
2007_017_PCOC      ,2007_017,LEM-ARI,2,REGULAR SEASON,E2007,PCOC,0.0,1.0,LEM,9,BOKOLO_ YANNICK,19:54,6,3,4,0,2,0,0,0,0,0,0,1,4,0,0,3,5,2
2007_017_PABK      ,2007_017,LEM-ARI,2,REGULAR SEASON,E2007,PABK,0.0,0.0,ARI,17,PANTELIADIS_ SPYRIDON,DNP,0,0,0,0,0,0,0,0,0,0,0,0,0,0,0,0,0,0
2007_017_PTEN      ,2007_017,LEM-ARI,2,REGULAR SEASON,E2007,PTEN,0.0,0.0,ARI,19,TSAIRELIS_ MICHALIS,DNP,0,0,0,0,0,0,0,0,0,0,0,0,0,0,0,0,0,0
2007_017_PLGM      ,2007_017,LEM-ARI,2,REGULAR SEASON,E2007,PLGM,1.0,1.0,ARI,16,TSALDARIS_ DIMITRIOS,25:37,5,1,3,1,2,0,0,1,2,3,1,2,1,0,1,2,3,7
2007_017_PJIX      ,2007_017,LEM-ARI,2,REGULAR SEASON,E2007,PJIX,0.0,1.0,ARI,15,AGADAKOS_ LAZAROS,14:39,1,0,0,0,0,1,2,2,2,4,0,1,1,0,0,3,1,2
2007_017_PLGV      ,2007_017,LEM-ARI,2,REGULAR SEASON,E2007,PLGV,1.0,1.0,ARI,14,MASSEY_ JEREMIAH,29:32,7,3,6,0,1,1,1,2,5,7,1,0,1,0,0,2,3,11
2007_017_PKRF      ,2007_017,LEM-ARI,2,REGULAR SEASON,E2007,PKRF,0.0,0.0,ARI,10,ILIADIS_ SAVVAS,DNP,0,0,0,0,0,0,0,0,0,0,0,0,0,0,0,0,0,0
2007_017_ARI,2007_017,LEM-ARI,2,REGULAR SEASON,E2007,ARI,0.0,1.0,ARI,TOTAL,ARIS TT BANK,200:00,69,13,31,7,18,22,24,6,23,29,10,8,14,0,3,21,22,69
2007_017_PAPI      ,2007_017,LEM-ARI,2,REGULAR SEASON,E2007,PAPI,0.0,1.0,ARI,9,KALAITZIS_ GEORGIOS,16:49,7,0,0,2,2,1,2,0,2,2,3,0,1,0,0,2,0,8
2007_017_PBDH      ,2007_017,LEM-ARI,2,REGULAR SEASON,E2007,PBDH,1.0,1.0,ARI,13,MOTTOLA_ HANNO,26:16,11,3,9,1,3,2,2,0,4,4,0,0,1,0,1,5,2,2
2007_017_PTEM      ,2007_017,LEM-ARI,2,REGULAR SEASON,E2007,PTEM,1.0,1.0,ARI,8,WRIGHT_ BRACEY,34:22,15,1,6,1,4,10,10,0,2,2,3,1,1,0,0,0,6,18
2007_018_PBUX      ,2007_018,LIE-TEL,2,REGULAR SEASON,E2007,PBUX,0.0,0.0,LIE,5,SLEZAS_ ANDRIUS,DNP,0,0,0,0,0,0,0,0,0,0,0,0,0,0,0,0,0,0
2007_018_PBUU      ,2007_018,LIE-TEL,2,REGULAR SEASON,E2007,PBUU,1.0,1.0,LIE,8,LUKAUSKIS_ MINDAUGAS,32:58,16,2,2,4,7,0,0,1,3,4,4,0,0,0,0,3,0,18
2007_018_PAOZ      ,2007_018,LIE-TEL,2,REGULAR SEASON,E2007,PAOZ,1.0,1.0,TEL,21,HALPERIN_ YOTAM,21:14,4,2,3,0,1,0,1,0,1,1,1,1,1,0,0,1,1,3
2007_018_PCQD      ,2007_018,LIE-TEL,2,REGULAR SEASON,E2007,PCQD,1.0,1.0,TEL,14,CUMMINGS_ VONTEEGO,25:14,9,4,7,0,1,1,1,0,0,0,1,2,0,0,0,3,1,6
2007_018_P000615   ,2007_018,LIE-TEL,2,REGULAR SEASON,E2007,P000615,0.0,0.0,TEL,12,GARCIA_ ALEX,DNP,0,0,0,0,0,0,0,0,0,0,0,0,0,0,0,0,0,0
2007_018_PDHD      ,2007_018,LIE-TEL,2,REGULAR SEASON,E2007,PDHD,0.0,0.0,TEL,15,BATISTA_ ESTEBAN,DNP,0,0,0,0,0,0,0,0,0,0,0,0,0,0,0,0,0,0
2007_018_PTFO      ,2007_018,LIE-TEL,2,REGULAR SEASON,E2007,PTFO,0.0,1.0,LIE,4,BUTERLEVICIUS_ SIMAS,00:25,0,0,0,0,0,0,0,0,0,0,0,0,0,0,0,0,0,0
2007_018_PLTT      ,2007_018,LIE-TEL,2,REGULAR SEASON,E2007,PLTT,0.0,1.0,LIE,31,GECEVICIUS_ MARTYNAS,15:29,6,1,1,1,3,1,1,0,1,1,0,1,0,0,0,0,1,7
2007_018_PLTS      ,2007_018,LIE-TEL,2,REGULAR SEASON,E2007,PLTS,1.0,1.0,TEL,9,MORRIS_ TERENCE,29:16,9,2,4,0,1,5,6,0,2,2,0,0,2,0,0,0,6,11
2007_018_PJRD      ,2007_018,LIE-TEL,2,REGULAR SEASON,E2007,PJRD,1.0,1.0,LIE,44,NIELSEN_ MATT,26:47,8,4,9,0,1,0,1,1,4,5,4,0,1,1,0,3,3,10
2007_018_PTFN      ,2007_018,LIE-TEL,2,REGULAR SEASON,E2007,PTFN,0.0,0.0,LIE,12,ANISIMOVAS_ MICHAILIS,DNP,0,0,0,0,0,0,0,0,0,0,0,0,0,0,0,0,0,0
2007_018_PCOH      ,2007_018,LIE-TEL,2,REGULAR SEASON,E2007,PCOH,1.0,1.0,LIE,10,PRICE_ HOLLIS,26:02,15,2,5,3,7,2,2,0,2,2,2,1,4,0,0,4,3,8
2007_018_PJFO      ,2007_018,LIE-TEL,2,REGULAR SEASON,E2007,PJFO,0.0,1.0,TEL,11,CASSPI_ OMRI,04:35,0,0,0,0,0,0,0,0,0,0,0,0,0,0,0,1,0,-1
2007_018_PLML      ,2007_018,LIE-TEL,2,REGULAR SEASON,E2007,PLML,0.0,1.0,LIE,13,BATISTA_ JOAO PAULO,10:04,2,1,3,0,0,0,0,0,4,4,0,1,1,0,1,1,3,5
2007_018_PTFS      ,2007_018,LIE-TEL,2,REGULAR SEASON,E2007,PTFS,0.0,1.0,TEL,5,FIZER_ MARCUS,08:16,8,4,4,0,2,0,1,0,2,2,0,0,1,0,0,3,1,4
2007_018_PKNS      ,2007_018,LIE-TEL,2,REGULAR SEASON,E2007,PKNS,1.0,1.0,LIE,21,JOMANTAS_ ARTURAS,31:50,19,5,8,2,2,3,4,2,4,6,6,3,1,0,0,3,3,29
2007_018_TEL,2007_018,LIE-TEL,2,REGULAR SEASON,E2007,TEL,0.0,1.0,TEL,TOTAL,MACCABI ELITE TEL AVIV,200:00,74,28,37,2,13,12,21,3,14,17,11,10,12,1,1,22,24,73
2007_018_P000275   ,2007_018,LIE-TEL,2,REGULAR SEASON,E2007,P000275,0.0,1.0,LIE,22,MITCHELL_ DARREL,13:33,7,1,2,1,2,2,2,0,1,1,1,0,1,0,0,2,2,6
2007_018_PAOU      ,2007_018,LIE-TEL,2,REGULAR SEASON,E2007,PAOU,0.0,1.0,TEL,6,SHARP_ DERRICK,24:32,9,3,3,1,1,0,0,0,1,1,1,0,0,0,0,4,1,8
2007_018_PAPB      ,2007_018,LIE-TEL,2,REGULAR SEASON,E2007,PAPB,1.0,1.0,TEL,7,VUJCIC_ NIKOLA,28:30,12,6,6,0,1,0,4,1,3,4,2,1,3,1,1,2,6,15
2007_018_LIE,2007_018,LIE-TEL,2,REGULAR SEASON,E2007,LIE,0.0,1.0,LIE,TOTAL,LIETUVOS RYTAS,200:00,92,21,39,12,23,14,18,17,23,40,18,9,12,1,1,24,22,112
2007_018_PJZN      ,2007_018,LIE-TEL,2,REGULAR SEASON,E2007,PJZN,1.0,1.0,LIE,15,PETRAVICIUS_ MARIJONAS,18:23,7,2,3,0,0,3,4,5,2,7,0,0,2,0,0,4,2,8
2007_018_PBES      ,2007_018,LIE-TEL,2,REGULAR SEASON,E2007,PBES,1.0,1.0,TEL,13,BLUTHENTHAL_ DAVID,27:39,9,2,4,1,3,2,2,0,1,1,1,0,0,0,0,4,1,4
2007_018_PTFL      ,2007_018,LIE-TEL,2,REGULAR SEASON,E2007,PTFL,0.0,1.0,LIE,51,BAJRAMOVIC_ KENAN,24:29,12,3,6,1,1,3,4,5,2,7,1,0,2,0,0,4,5,15
2007_018_PLFR      ,2007_018,LIE-TEL,2,REGULAR SEASON,E2007,PLFR,0.0,1.0,TEL,4,BYNUM_ WILL,25:53,14,5,6,0,3,4,6,1,1,2,5,3,5,0,0,4,7,16
2007_018_PLGD      ,2007_018,LIE-TEL,2,REGULAR SEASON,E2007,PLGD,0.0,1.0,TEL,8,ELIYAHU_ LIOR,04:51,0,0,0,0,0,0,0,0,1,1,0,0,0,0,0,0,0,1
2007_019_MIL,2007_019,IST-MIL,2,REGULAR SEASON,E2007,MIL,0.0,1.0,MIL,TOTAL,ARMANI JEANS MILANO,200:00,70,21,41,6,18,10,13,5,21,26,9,8,13,2,3,19,16,61
2007_019_PTES      ,2007_019,IST-MIL,2,REGULAR SEASON,E2007,PTES,0.0,1.0,MIL,20,GADSON_ CHEYNE,22:51,10,4,9,0,1,2,3,1,0,1,2,0,1,0,1,0,2,6
2007_019_PKOJ      ,2007_019,IST-MIL,2,REGULAR SEASON,E2007,PKOJ,1.0,1.0,IST,9,GREGORY_ KENNY,22:20,13,6,7,0,1,1,1,2,0,2,0,0,1,0,0,3,1,10
2007_019_PBXK      ,2007_019,IST-MIL,2,REGULAR SEASON,E2007,PBXK,0.0,0.0,IST,7,AKYOL_ CENK,DNP,0,0,0,0,0,0,0,0,0,0,0,0,0,0,0,0,0,0
2007_019_PBKM      ,2007_019,IST-MIL,2,REGULAR SEASON,E2007,PBKM,0.0,1.0,IST,23,KUQO_ ERMAL,11:15,10,4,7,0,1,2,2,2,2,4,0,0,2,0,0,4,1,5
2007_019_PLGS      ,2007_019,IST-MIL,2,REGULAR SEASON,E2007,PLGS,1.0,1.0,MIL,5,SESAY_ ANSU,37:16,11,1,5,3,5,0,0,1,4,5,2,1,2,2,0,2,1,12
2007_019_PARN      ,2007_019,IST-MIL,2,REGULAR SEASON,E2007,PARN,0.0,1.0,IST,33,ARSLAN_ ENDER,12:34,2,1,2,0,2,0,0,0,1,1,1,1,0,0,0,0,1,3
2007_019_PLIF      ,2007_019,IST-MIL,2,REGULAR SEASON,E2007,PLIF,0.0,0.0,IST,11,PACUN_ BORA HUN,DNP,0,0,0,0,0,0,0,0,0,0,0,0,0,0,0,0,0,0
2007_019_PAUT      ,2007_019,IST-MIL,2,REGULAR SEASON,E2007,PAUT,1.0,1.0,MIL,14,VUKCEVIC_ DUSAN,29:27,2,1,4,0,3,0,0,0,2,2,0,0,2,0,0,5,1,-8
2007_019_PTER      ,2007_019,IST-MIL,2,REGULAR SEASON,E2007,PTER,0.0,0.0,MIL,16,GENTILE_ STEFANO,DNP,0,0,0,0,0,0,0,0,0,0,0,0,0,0,0,0,0,0
2007_019_IST,2007_019,IST-MIL,2,REGULAR SEASON,E2007,IST,0.0,1.0,IST,TOTAL,EFES PILSEN ISTANBUL,200:00,80,24,44,5,19,17,21,11,24,35,9,9,11,3,2,16,19,88
2007_019_PTFG      ,2007_019,IST-MIL,2,REGULAR SEASON,E2007,PTFG,1.0,1.0,IST,6,WOODS_ LOREN,23:25,7,1,1,0,0,5,6,1,6,7,1,0,2,2,0,1,5,18
2007_019_PAWN      ,2007_019,IST-MIL,2,REGULAR SEASON,E2007,PAWN,1.0,1.0,IST,12,GONLUM_ KEREM,20:49,9,4,6,0,0,1,4,2,1,3,1,2,1,0,0,0,2,11
2007_019_PBXD      ,2007_019,IST-MIL,2,REGULAR SEASON,E2007,PBXD,1.0,1.0,IST,5,PENN_ JAMES,24:52,0,0,2,0,3,0,0,0,3,3,1,2,2,0,0,3,1,-3
2007_019_PTEP      ,2007_019,IST-MIL,2,REGULAR SEASON,E2007,PTEP,1.0,1.0,MIL,6,GAINES_ REECE,32:47,13,4,8,0,4,5,6,0,1,1,1,2,0,0,1,1,7,13
2007_019_PTEQ      ,2007_019,IST-MIL,2,REGULAR SEASON,E2007,PTEQ,0.0,1.0,MIL,10,ARADORI_ PIETRO,01:48,0,0,0,0,0,0,0,0,1,1,0,0,0,0,0,0,0,1
2007_019_PAHU      ,2007_019,IST-MIL,2,REGULAR SEASON,E2007,PAHU,1.0,1.0,MIL,9,BULLERI_ MASSIMO,33:07,18,6,7,2,4,0,0,1,2,3,4,2,5,0,0,3,0,16
2007_019_PKCH      ,2007_019,IST-MIL,2,REGULAR SEASON,E2007,PKCH,0.0,1.0,IST,34,HUTSON_ ANDRE,24:31,11,4,10,0,0,3,3,3,2,5,1,1,1,1,1,1,3,13
2007_019_P000088   ,2007_019,IST-MIL,2,REGULAR SEASON,E2007,P000088,0.0,0.0,MIL,12,MARELLI_ DAVIDE,DNP,0,0,0,0,0,0,0,0,0,0,0,0,0,0,0,0,0,0
2007_019_PCUG      ,2007_019,IST-MIL,2,REGULAR SEASON,E2007,PCUG,0.0,1.0,MIL,11,SHAW_ JOSEPH CASEY,13:50,2,0,1,0,0,2,2,0,1,1,0,1,0,0,1,3,1,0
2007_019_PAWH      ,2007_019,IST-MIL,2,REGULAR SEASON,E2007,PAWH,0.0,0.0,IST,10,ABI_ MUSTAFA,DNP,0,0,0,0,0,0,0,0,0,0,0,0,0,0,0,0,0,0
2007_019_PKNG      ,2007_019,IST-MIL,2,REGULAR SEASON,E2007,PKNG,1.0,1.0,IST,4,NICHOLAS_ ANDREW,33:10,16,3,7,3,7,1,1,0,7,7,1,1,1,0,1,1,3,17
2007_019_PBDQ      ,2007_019,IST-MIL,2,REGULAR SEASON,E2007,PBDQ,0.0,1.0,IST,17,ERDOGAN_ SERKAN,27:04,12,1,2,2,5,4,4,0,2,2,3,2,1,0,0,3,2,13
2007_019_PBAP      ,2007_019,IST-MIL,2,REGULAR SEASON,E2007,PBAP,0.0,1.0,MIL,7,TOURE_ HERVE,08:07,6,1,1,1,1,1,1,0,1,1,0,0,0,0,0,1,3,9
2007_019_PKNZ      ,2007_019,IST-MIL,2,REGULAR SEASON,E2007,PKNZ,1.0,1.0,MIL,13,WATSON_ TRAVIS,20:47,8,4,6,0,0,0,1,2,9,11,0,2,2,0,0,4,1,13
2007_020_PTFD      ,2007_020,MAL-CIB,2,REGULAR SEASON,E2007,PTFD,0.0,1.0,CIB,11,VUKUSIC_ VEDRAN,03:36,5,2,2,0,0,1,1,0,0,0,0,0,0,0,0,2,1,4
2007_020_PBIM      ,2007_020,MAL-CIB,2,REGULAR SEASON,E2007,PBIM,0.0,1.0,MAL,13,GABRIEL_ GERMAN,17:10,14,0,1,3,6,5,6,0,2,2,1,0,1,0,1,0,2,12
2007_020_MAL,2007_020,MAL-CIB,2,REGULAR SEASON,E2007,MAL,0.0,1.0,MAL,TOTAL,UNICAJA,200:00,102,24,36,11,24,21,28,10,29,39,25,14,18,4,2,18,30,144
2007_020_PLCC      ,2007_020,MAL-CIB,2,REGULAR SEASON,E2007,PLCC,1.0,1.0,CIB,4,WARREN_ CHRIS,25:19,8,3,9,0,0,2,2,0,3,3,2,1,3,0,2,0,3,6
2007_020_PAAS      ,2007_020,MAL-CIB,2,REGULAR SEASON,E2007,PAAS,1.0,1.0,MAL,20,JIMENEZ_ CARLOS,20:08,7,2,4,1,3,0,0,1,5,6,2,1,1,0,1,0,2,12
2007_020_PAFY      ,2007_020,MAL-CIB,2,REGULAR SEASON,E2007,PAFY,0.0,1.0,CIB,10,MOROVIC_ VEDRAN,07:18,0,0,0,0,0,0,0,0,0,0,0,0,1,0,0,0,0,-1
2007_020_PTFE      ,2007_020,MAL-CIB,2,REGULAR SEASON,E2007,PTFE,1.0,1.0,CIB,5,KELLEY_ TRE,29:44,14,4,8,1,3,3,4,0,0,0,0,1,2,0,1,3,3,5
2007_020_PJJV      ,2007_020,MAL-CIB,2,REGULAR SEASON,E2007,PJJV,0.0,1.0,CIB,20,ROZIC_ MARIN,21:52,0,0,1,0,1,0,0,0,0,0,0,0,0,1,1,3,0,-5
2007_020_PAPL      ,2007_020,MAL-CIB,2,REGULAR SEASON,E2007,PAPL,0.0,1.0,CIB,44,MULAOMEROVIC_ DAMIR,10:05,5,1,1,1,2,0,2,0,1,1,0,0,3,0,0,2,1,-1
2007_020_CIB,2007_020,MAL-CIB,2,REGULAR SEASON,E2007,CIB,0.0,1.0,CIB,TOTAL,CIBONA,200:00,64,18,39,5,17,13,17,4,16,20,4,7,18,2,4,30,18,26
2007_020_PTGE      ,2007_020,MAL-CIB,2,REGULAR SEASON,E2007,PTGE,0.0,1.0,MAL,12,N'DONG_ BONIFACE,22:15,12,5,6,0,0,2,2,3,4,7,1,1,3,1,0,3,2,17
2007_020_PJDQ      ,2007_020,MAL-CIB,2,REGULAR SEASON,E2007,PJDQ,1.0,1.0,CIB,12,ANDRIC_ LUKSA,32:19,9,2,5,1,3,2,2,3,3,6,0,0,2,0,0,5,3,6
2007_020_PAON      ,2007_020,MAL-CIB,2,REGULAR SEASON,E2007,PAON,1.0,1.0,CIB,7,KRASIC_ BARISA,12:19,5,2,3,0,1,1,2,0,2,2,0,0,0,1,0,5,1,1
2007_020_PKXF      ,2007_020,MAL-CIB,2,REGULAR SEASON,E2007,PKXF,1.0,1.0,CIB,13,AYUSO_ LARRY,32:53,13,3,4,1,6,4,4,0,4,4,2,2,4,0,0,2,4,13
2007_020_P000092   ,2007_020,MAL-CIB,2,REGULAR SEASON,E2007,P000092,0.0,0.0,CIB,19,PRINC_ VEDRAN,DNP,0,0,0,0,0,0,0,0,0,0,0,0,0,0,0,0,0,0
2007_020_PCJE      ,2007_020,MAL-CIB,2,REGULAR SEASON,E2007,PCJE,0.0,1.0,CIB,14,KASTROPIL_ FRANKO,11:42,0,0,1,0,0,0,0,1,0,1,0,2,1,0,0,3,1,-1
2007_020_PKML      ,2007_020,MAL-CIB,2,REGULAR SEASON,E2007,PKML,1.0,1.0,MAL,25,SANTIAGO_ DANIEL,17:40,13,5,5,0,0,3,6,2,7,9,0,1,2,3,0,4,5,22
2007_020_PKMV      ,2007_020,MAL-CIB,2,REGULAR SEASON,E2007,PKMV,1.0,1.0,MAL,24,HAISLIP_ MARCUS,13:50,9,3,6,1,2,0,0,1,2,3,0,2,1,0,0,3,3,9
2007_020_PLUI      ,2007_020,MAL-CIB,2,REGULAR SEASON,E2007,PLUI,0.0,1.0,CIB,15,HOSKIN_ SAM,12:53,5,1,5,1,1,0,0,0,2,2,0,1,2,0,0,5,1,-2
2007_020_PAWX      ,2007_020,MAL-CIB,2,REGULAR SEASON,E2007,PAWX,0.0,1.0,MAL,10,CABEZAS_ CARLOS,21:19,9,4,5,0,0,1,1,2,3,5,6,1,3,0,0,1,3,19
2007_020_PBOV      ,2007_020,MAL-CIB,2,REGULAR SEASON,E2007,PBOV,1.0,1.0,MAL,4,POPOVIC_ BOJAN,19:31,2,0,2,0,2,2,2,0,1,1,3,2,4,0,0,1,4,3
